roster_id,manager,team_name,wins,losses,ties,points_for,points_against,faab_used,faab_left
3,themikemartin,Chase the Ace,3,0,0,504.51,423.74,33,67
1,jezz281,Named you after the dog!,3,0,0,433.34,390.32,6,94
10,Elasticschnit,Elastic Schnitzel (Jamil),2,1,0,390.78,379.77,0,100
8,LeJohnBrains,LeJohnBrains,2,1,0,368.92,366.29,0,100
7,dm98,Braudie sucks ,1,2,0,488.34,474.86,41,59
9,Wenzo3030,Waxson Dart ,1,2,0,470.49,443.39,8,92
6,Rowdy17,Rowdy17,1,2,0,401.05,413.54,2,98
4,theNastyJK,theNastyJK,1,2,0,398.56,438.94,0,100
5,JLstorm1,JLstorm1,1,2,0,371.83,459.37,25,75
2,DrBongstrong,DrBongstrong,0,3,0,409.8,447.4,25,75
