week,matchup_id,manager,player,pos,points,started
1,3,jezz281,Rashee Rice,WR,7.9,FALSE
1,3,jezz281,Omarion Hampton,RB,11.3,TRUE
1,3,jezz281,Jacory Croskey-Merritt,RB,16.1,FALSE
1,3,jezz281,Kyle Monangai,RB,20.15,FALSE
1,3,jezz281,Jared Goff,QB,18.44,TRUE
1,3,jezz281,Wil Lutz,K,4.1,TRUE
1,3,jezz281,A.J. Brown,WR,4.6,TRUE
1,3,jezz281,Tony Pollard,RB,4.15,FALSE
1,3,jezz281,J.K. Dobbins,RB,4.35,FALSE
1,3,jezz281,Travis Etienne,RB,11.3,TRUE
1,3,jezz281,Rhamondre Stevenson,RB,12,FALSE
1,3,jezz281,Trey McBride,TE,20.5,TRUE
1,3,jezz281,George Pickens,WR,4.8,TRUE
1,3,jezz281,Brock Purdy,QB,27.1,TRUE
1,3,jezz281,Chase Brown,RB,16.05,TRUE
1,3,jezz281,Quentin Johnston,WR,1.7,FALSE
1,3,jezz281,JAX D/ST,DEF,14,TRUE
1,1,DrBongstrong,Jayden Reed,WR,3,FALSE
1,1,DrBongstrong,Michael Wilson,WR,8.6,FALSE
1,1,DrBongstrong,Bhayshul Tuten,RB,12.8,TRUE
1,1,DrBongstrong,Chris Boswell,K,9.3,TRUE
1,1,DrBongstrong,Derrick Henry,RB,38.3,TRUE
1,1,DrBongstrong,Alvin Kamara,RB,0,FALSE
1,1,DrBongstrong,Matthew Stafford,QB,4.1,TRUE
1,1,DrBongstrong,Sam Darnold,QB,0.52,TRUE
1,1,DrBongstrong,Jakobi Meyers,WR,11.95,FALSE
1,1,DrBongstrong,Justin Jefferson,WR,26.2,TRUE
1,1,DrBongstrong,Amon-Ra St. Brown,WR,20.7,TRUE
1,1,DrBongstrong,Kyle Pitts,TE,0,TRUE
1,1,DrBongstrong,Kenny Gainwell,RB,2.55,FALSE
1,1,DrBongstrong,Isaiah Likely,TE,23.8,FALSE
1,1,DrBongstrong,Christian Watson,WR,29.7,TRUE
1,1,DrBongstrong,Isiah Pacheco,RB,0,FALSE
1,1,DrBongstrong,PIT D/ST,DEF,18.5,TRUE
1,2,themikemartin,Jake Bates,K,7,TRUE
1,2,themikemartin,Jayden Daniels,QB,20.41,TRUE
1,2,themikemartin,MarShawn Lloyd,RB,5.2,TRUE
1,2,themikemartin,Xavier Worthy,WR,2.8,FALSE
1,2,themikemartin,DJ Giddens,RB,0,FALSE
1,2,themikemartin,Kaelon Black,RB,9.25,FALSE
1,2,themikemartin,Geno Smith,QB,9.3,FALSE
1,2,themikemartin,Travis Kelce,TE,9.1,TRUE
1,2,themikemartin,Stefon Diggs,WR,14.5,FALSE
1,2,themikemartin,Christian McCaffrey,RB,10.3,TRUE
1,2,themikemartin,Courtland Sutton,WR,1.1,TRUE
1,2,themikemartin,Deebo Samuel,WR,14.75,FALSE
1,2,themikemartin,Jonathan Taylor,RB,25.85,TRUE
1,2,themikemartin,Bryce Young,QB,34.44,TRUE
1,2,themikemartin,Jaxon Smith-Njigba,WR,22.2,TRUE
1,2,themikemartin,DET D/ST,DEF,15,TRUE
1,4,theNastyJK,Jonathon Brooks,RB,7.2,FALSE
1,4,theNastyJK,Brock Bowers,TE,0,FALSE
1,4,theNastyJK,Rome Odunze,WR,6.2,FALSE
1,4,theNastyJK,Malik Nabers,WR,9.9,TRUE
1,4,theNastyJK,Quinshon Judkins,RB,6.75,FALSE
1,4,theNastyJK,Luther Burden,WR,6.5,TRUE
1,4,theNastyJK,Tetairoa McMillan,WR,9.5,TRUE
1,4,theNastyJK,Tyler Shough,QB,26.95,TRUE
1,4,theNastyJK,Jadarian Price,RB,8.8,FALSE
1,4,theNastyJK,Dallas Goedert,TE,20.7,TRUE
1,4,theNastyJK,Daniel Jones,QB,10.79,FALSE
1,4,theNastyJK,Evan McPherson,K,20.5,TRUE
1,4,theNastyJK,Jameson Williams,WR,6.5,FALSE
1,4,theNastyJK,Malik Willis,QB,17.45,TRUE
1,4,theNastyJK,Jahmyr Gibbs,RB,38.6,TRUE
1,4,theNastyJK,De'Von Achane,RB,9.1,TRUE
1,4,theNastyJK,Zach Charbonnet,RB,0,FALSE
1,4,theNastyJK,LAR D/ST,DEF,3,TRUE
1,2,JLstorm1,Marvin Harrison,WR,4.3,FALSE
1,2,JLstorm1,Brian Thomas,WR,7,FALSE
1,2,JLstorm1,Cam Little,K,12.7,TRUE
1,2,JLstorm1,Carnell Tate,WR,4.8,FALSE
1,2,JLstorm1,Lamar Jackson,QB,27.46,TRUE
1,2,JLstorm1,D'Andre Swift,RB,33.9,TRUE
1,2,JLstorm1,Justin Herbert,QB,15.01,TRUE
1,2,JLstorm1,Rico Dowdle,RB,2.1,FALSE
1,2,JLstorm1,Jaylen Waddle,WR,0.2,TRUE
1,2,JLstorm1,Ja'Marr Chase,WR,2.2,TRUE
1,2,JLstorm1,Alec Pierce,WR,10.1,FALSE
1,2,JLstorm1,Breece Hall,RB,22.3,TRUE
1,2,JLstorm1,Jordan Mason,RB,12.65,FALSE
1,2,JLstorm1,Tucker Kraft,TE,9.5,TRUE
1,2,JLstorm1,Jordan Addison,WR,0,TRUE
1,2,JLstorm1,BAL D/ST,DEF,11.5,TRUE
1,1,Rowdy17,Sam LaPorta,TE,6.8,TRUE
1,1,Rowdy17,Caleb Williams,QB,40.76,TRUE
1,1,Rowdy17,Bucky Irving,RB,16.8,FALSE
1,1,Rowdy17,Blake Corum,RB,6.9,FALSE
1,1,Rowdy17,Ka'imi Fairbairn,K,9.8,TRUE
1,1,Rowdy17,James Conner,RB,0,FALSE
1,1,Rowdy17,Saquon Barkley,RB,9.5,TRUE
1,1,Rowdy17,Tee Higgins,WR,8.9,TRUE
1,1,Rowdy17,Trevor Lawrence,QB,30.85,TRUE
1,1,Rowdy17,Nico Collins,WR,16.95,TRUE
1,1,Rowdy17,Javonte Williams,RB,20.95,TRUE
1,1,Rowdy17,Chris Olave,WR,25.2,TRUE
1,1,Rowdy17,Parker Washington,WR,17.3,FALSE
1,1,Rowdy17,Josh Downs,WR,5.7,FALSE
1,1,Rowdy17,C.J. Stroud,QB,19.21,FALSE
1,1,Rowdy17,HOU D/ST,DEF,2,TRUE
1,4,dm98,Chris Rodriguez,RB,3.05,FALSE
1,4,dm98,Harrison Mevis,K,1,TRUE
1,4,dm98,Cam Skattebo,RB,17.85,TRUE
1,4,dm98,Matthew Golden,WR,13.5,FALSE
1,4,dm98,Harold Fannin,TE,3.1,TRUE
1,4,dm98,Jaxson Dart,QB,32.6,TRUE
1,4,dm98,Emeka Egbuka,WR,9.3,TRUE
1,4,dm98,Jeremiyah Love,RB,11.75,FALSE
1,4,dm98,Dak Prescott,QB,17.15,TRUE
1,4,dm98,George Kittle,TE,1.2,FALSE
1,4,dm98,CeeDee Lamb,WR,14.4,TRUE
1,4,dm98,Jordan Love,QB,21.48,FALSE
1,4,dm98,James Cook,RB,11.15,TRUE
1,4,dm98,Garrett Wilson,WR,10.9,TRUE
1,4,dm98,Tyjae Spears,RB,3.15,FALSE
1,4,dm98,DEN D/ST,DEF,7,TRUE
1,3,LeJohnBrains,Brandon Aubrey,K,2,TRUE
1,3,LeJohnBrains,Adonai Mitchell,WR,8,FALSE
1,3,LeJohnBrains,Woody Marks,RB,7,FALSE
1,3,LeJohnBrains,RJ Harvey,RB,4.85,TRUE
1,3,LeJohnBrains,Colston Loveland,TE,0,TRUE
1,3,LeJohnBrains,TreVeyon Henderson,RB,0,FALSE
1,3,LeJohnBrains,Makai Lemon,WR,-0.5,FALSE
1,3,LeJohnBrains,Mike Evans,WR,15.9,TRUE
1,3,LeJohnBrains,Baker Mayfield,QB,11.64,FALSE
1,3,LeJohnBrains,DJ Moore,WR,19,TRUE
1,3,LeJohnBrains,Kyler Murray,QB,-0.38,FALSE
1,3,LeJohnBrains,Joe Burrow,QB,13.16,TRUE
1,3,LeJohnBrains,Jalen Hurts,QB,29.22,TRUE
1,3,LeJohnBrains,DeVonta Smith,WR,6.3,TRUE
1,3,LeJohnBrains,Bijan Robinson,RB,29.55,TRUE
1,3,LeJohnBrains,PHI D/ST,DEF,5.5,TRUE
1,5,Wenzo3030,Drake Maye,QB,14.57,TRUE
1,5,Wenzo3030,Tyler Warren,TE,7.3,TRUE
1,5,Wenzo3030,Cam Ward,QB,14.2,FALSE
1,5,Wenzo3030,KC Concepcion,WR,6.55,FALSE
1,5,Wenzo3030,Davante Adams,WR,3.6,TRUE
1,5,Wenzo3030,Chris Godwin,WR,6.3,FALSE
1,5,Wenzo3030,Josh Allen,QB,37.66,TRUE
1,5,Wenzo3030,Mark Andrews,TE,6.9,FALSE
1,5,Wenzo3030,DK Metcalf,WR,6,FALSE
1,5,Wenzo3030,Chuba Hubbard,RB,22.45,FALSE
1,5,Wenzo3030,Drake London,WR,4.5,TRUE
1,5,Wenzo3030,Kyren Williams,RB,15,TRUE
1,5,Wenzo3030,Kenneth Walker,RB,37.35,TRUE
1,5,Wenzo3030,Cameron Dicker,K,2,TRUE
1,5,Wenzo3030,Zay Flowers,WR,25,TRUE
1,5,Wenzo3030,NE D/ST,DEF,3.5,TRUE
1,5,Elasticschnit,Dalton Kincaid,TE,17,TRUE
1,5,Elasticschnit,Bo Nix,QB,6.44,TRUE
1,5,Elasticschnit,Ladd McConkey,WR,18.2,TRUE
1,5,Elasticschnit,Jalen Coker,WR,29.8,FALSE
1,5,Elasticschnit,Kirk Cousins,QB,16.8,FALSE
1,5,Elasticschnit,Ashton Jeanty,RB,31.95,TRUE
1,5,Elasticschnit,Jordyn Tyson,WR,0,FALSE
1,5,Elasticschnit,Jason Myers,K,7,TRUE
1,5,Elasticschnit,Patrick Mahomes,QB,24.41,TRUE
1,5,Elasticschnit,Josh Jacobs,RB,0,FALSE
1,5,Elasticschnit,David Montgomery,RB,27.4,TRUE
1,5,Elasticschnit,Terry McLaurin,WR,2.4,FALSE
1,5,Elasticschnit,Brian Robinson,RB,4.6,FALSE
1,5,Elasticschnit,Jaylen Warren,RB,8.55,TRUE
1,5,Elasticschnit,Puka Nacua,WR,9.4,TRUE
1,5,Elasticschnit,SEA D/ST,DEF,14,TRUE
