manager,player_id,player,pos,nfl_team,status,slot
jezz281,10229,Rashee Rice,WR,KC,Questionable,bench
jezz281,11577,Will Shipley,RB,PHI,,bench
jezz281,11834,Devaughn Vele,WR,NO,,bench
jezz281,12507,Omarion Hampton,RB,LAC,,bench
jezz281,12533,Jacory Croskey-Merritt,RB,WAS,Questionable,bench
jezz281,12534,Kyle Monangai,RB,CHI,Questionable,starter
jezz281,3163,Jared Goff,QB,DET,,starter
jezz281,3321,Tyreek Hill,WR,NA,,bench
jezz281,5859,A.J. Brown,WR,NE,IR,IR
jezz281,5872,Deebo Samuel,WR,SF,,starter
jezz281,7543,Travis Etienne,RB,NO,IR,IR
jezz281,7611,Rhamondre Stevenson,RB,NE,Questionable,starter
jezz281,8130,Trey McBride,TE,ARI,,starter
jezz281,8137,George Pickens,WR,DAL,,starter
jezz281,8183,Brock Purdy,QB,SF,,starter
jezz281,9224,Chase Brown,RB,CIN,,starter
jezz281,96,Aaron Rodgers,QB,PIT,,bench
jezz281,CIN,CIN D/ST,DEF,CIN,,starter
DrBongstrong,10232,Michael Wilson,WR,ARI,,starter
DrBongstrong,12490,Bhayshul Tuten,RB,JAX,,starter
DrBongstrong,1945,Chris Boswell,K,PIT,,starter
DrBongstrong,3198,Derrick Henry,RB,BAL,,starter
DrBongstrong,4035,Alvin Kamara,RB,NO,Questionable,bench
DrBongstrong,4199,Aaron Jones,RB,MIN,,starter
DrBongstrong,421,Matthew Stafford,QB,LAR,,bench
DrBongstrong,4943,Sam Darnold,QB,SEA,,bench
DrBongstrong,5849,Kyler Murray,QB,MIN,,starter
DrBongstrong,6794,Justin Jefferson,WR,MIN,Questionable,bench
DrBongstrong,7547,Amon-Ra St. Brown,WR,DET,,starter
DrBongstrong,7553,Kyle Pitts,TE,ATL,,bench
DrBongstrong,7567,Kenny Gainwell,RB,TB,,bench
DrBongstrong,8131,Isaiah Likely,TE,NYG,Questionable,starter
DrBongstrong,8167,Christian Watson,WR,GB,,starter
DrBongstrong,8205,Isiah Pacheco,RB,DET,IR,IR
DrBongstrong,PIT,PIT D/ST,DEF,PIT,,starter
themikemartin,11539,Jake Bates,K,DET,,starter
themikemartin,11581,MarShawn Lloyd,RB,GB,,bench
themikemartin,11624,Xavier Worthy,WR,KC,,bench
themikemartin,13425,Jalon Daniels,QB,TB,,starter
themikemartin,1373,Geno Smith,QB,NYJ,,bench
themikemartin,1466,Travis Kelce,TE,KC,,bench
themikemartin,2449,Stefon Diggs,WR,WAS,Questionable,bench
themikemartin,4034,Christian McCaffrey,RB,SF,,starter
themikemartin,5967,Tony Pollard,RB,TEN,,starter
themikemartin,6804,Jordan Love,QB,GB,,starter
themikemartin,6813,Jonathan Taylor,RB,IND,,starter
themikemartin,7002,Juwan Johnson,TE,NO,,starter
themikemartin,8146,Garrett Wilson,WR,NYJ,,starter
themikemartin,9228,Bryce Young,QB,CAR,,bench
themikemartin,9488,Jaxon Smith-Njigba,WR,SEA,,starter
themikemartin,LV,LV D/ST,DEF,LV,,starter
theNastyJK,11604,Brock Bowers,TE,LV,,starter
theNastyJK,11620,Rome Odunze,WR,CHI,,bench
theNastyJK,11632,Malik Nabers,WR,NYG,Questionable,starter
theNastyJK,12512,Quinshon Judkins,RB,CLE,,starter
theNastyJK,12519,Luther Burden,WR,CHI,,starter
theNastyJK,12526,Tetairoa McMillan,WR,CAR,,bench
theNastyJK,12545,Tyler Shough,QB,NO,,starter
theNastyJK,13286,Jadarian Price,RB,SEA,IR,IR
theNastyJK,4017,Deshaun Watson,QB,CLE,,starter
theNastyJK,5870,Daniel Jones,QB,IND,,bench
theNastyJK,7839,Evan McPherson,K,CIN,,starter
theNastyJK,8136,Rachaad White,RB,WAS,Questionable,bench
theNastyJK,8148,Jameson Williams,WR,DET,,starter
theNastyJK,8161,Malik Willis,QB,MIA,,bench
theNastyJK,9221,Jahmyr Gibbs,RB,DET,,starter
theNastyJK,9753,Zach Charbonnet,RB,SEA,PUP,IR
theNastyJK,LAR,LAR D/ST,DEF,LAR,,starter
JLstorm1,11435,Emanuel Wilson,RB,SEA,,bench
JLstorm1,11559,Michael Penix,QB,ATL,,starter
JLstorm1,11576,Braelon Allen,RB,NYJ,,starter
JLstorm1,11628,Marvin Harrison,WR,ARI,,bench
JLstorm1,11786,Cam Little,K,JAX,,starter
JLstorm1,12495,Ollie Gordon,RB,MIA,,bench
JLstorm1,13330,Kenyon Sadiq,TE,NYJ,,bench
JLstorm1,4881,Lamar Jackson,QB,BAL,Questionable,bench
JLstorm1,6790,D'Andre Swift,RB,CHI,Questionable,starter
JLstorm1,6797,Justin Herbert,QB,LAC,,starter
JLstorm1,7526,Jaylen Waddle,WR,DEN,,starter
JLstorm1,7564,Ja'Marr Chase,WR,CIN,Questionable,starter
JLstorm1,8142,Alec Pierce,WR,IND,IR,IR
JLstorm1,8155,Breece Hall,RB,NYJ,Doubtful,bench
JLstorm1,8408,Jordan Mason,RB,MIN,IR,IR
JLstorm1,9484,Tucker Kraft,TE,GB,,starter
JLstorm1,9756,Jordan Addison,WR,MIN,Questionable,starter
JLstorm1,MIN,MIN D/ST,DEF,MIN,,starter
Rowdy17,10859,Sam LaPorta,TE,DET,,starter
Rowdy17,11560,Caleb Williams,QB,CHI,Out,IR
Rowdy17,11584,Bucky Irving,RB,TB,,starter
Rowdy17,11586,Blake Corum,RB,LAR,,bench
Rowdy17,3451,Ka'imi Fairbairn,K,HOU,,starter
Rowdy17,4137,James Conner,RB,ARI,IR,IR
Rowdy17,4866,Saquon Barkley,RB,PHI,Questionable,bench
Rowdy17,5001,Dalton Schultz,TE,HOU,,bench
Rowdy17,6801,Tee Higgins,WR,CIN,Questionable,bench
Rowdy17,7523,Trevor Lawrence,QB,JAX,,starter
Rowdy17,7569,Nico Collins,WR,HOU,,starter
Rowdy17,7588,Javonte Williams,RB,DAL,,starter
Rowdy17,8121,Romeo Doubs,WR,NE,,bench
Rowdy17,8144,Chris Olave,WR,NO,Questionable,starter
Rowdy17,9487,Parker Washington,WR,JAX,,starter
Rowdy17,9500,Josh Downs,WR,IND,,bench
Rowdy17,9758,C.J. Stroud,QB,HOU,,starter
Rowdy17,HOU,HOU D/ST,DEF,HOU,,starter
dm98,11566,Jayden Daniels,QB,WAS,,bench
dm98,12015,Harrison Mevis,K,LAR,,starter
dm98,12481,Cam Skattebo,RB,NYG,Questionable,starter
dm98,12501,Matthew Golden,WR,GB,,starter
dm98,12506,Harold Fannin,TE,CLE,,bench
dm98,12508,Jaxson Dart,QB,NYG,IR,IR
dm98,12514,Emeka Egbuka,WR,TB,,bench
dm98,13279,Carnell Tate,WR,TEN,Questionable,bench
dm98,13287,Jeremiyah Love,RB,ARI,Questionable,starter
dm98,3257,Jacoby Brissett,QB,ARI,,starter
dm98,3294,Dak Prescott,QB,DAL,,starter
dm98,4217,George Kittle,TE,SF,,starter
dm98,6786,CeeDee Lamb,WR,DAL,,starter
dm98,6806,J.K. Dobbins,RB,DEN,,bench
dm98,8132,Tyler Allgeier,RB,ARI,,bench
dm98,8138,James Cook,RB,BUF,,starter
dm98,DEN,DEN D/ST,DEF,DEN,,starter
LeJohnBrains,11533,Brandon Aubrey,K,DAL,,starter
LeJohnBrains,11610,Malik Washington,WR,MIA,,bench
LeJohnBrains,11625,Adonai Mitchell,WR,NYJ,Doubtful,IR
LeJohnBrains,12474,Woody Marks,RB,HOU,,bench
LeJohnBrains,12489,RJ Harvey,RB,DEN,,bench
LeJohnBrains,12517,Colston Loveland,TE,CHI,,starter
LeJohnBrains,12529,TreVeyon Henderson,RB,NE,,starter
LeJohnBrains,13346,Denzel Boston,WR,CLE,,starter
LeJohnBrains,2216,Mike Evans,WR,SF,Questionable,starter
LeJohnBrains,4177,Mack Hollins,WR,NE,Questionable,bench
LeJohnBrains,4892,Baker Mayfield,QB,TB,Out,IR
LeJohnBrains,4983,DJ Moore,WR,BUF,Questionable,starter
LeJohnBrains,5947,Jakobi Meyers,WR,JAX,,bench
LeJohnBrains,6770,Joe Burrow,QB,CIN,,starter
LeJohnBrains,6904,Jalen Hurts,QB,PHI,,starter
LeJohnBrains,7525,DeVonta Smith,WR,PHI,Questionable,bench
LeJohnBrains,9509,Bijan Robinson,RB,ATL,,starter
LeJohnBrains,PHI,PHI D/ST,DEF,PHI,,starter
Wenzo3030,11564,Drake Maye,QB,NE,,starter
Wenzo3030,12518,Tyler Warren,TE,IND,,bench
Wenzo3030,12522,Cam Ward,QB,TEN,,bench
Wenzo3030,2133,Davante Adams,WR,LAR,,starter
Wenzo3030,4037,Chris Godwin,WR,TB,,bench
Wenzo3030,4984,Josh Allen,QB,BUF,,starter
Wenzo3030,5012,Mark Andrews,TE,BAL,,starter
Wenzo3030,5846,DK Metcalf,WR,PIT,,bench
Wenzo3030,7594,Chuba Hubbard,RB,CAR,,bench
Wenzo3030,8112,Drake London,WR,ATL,,starter
Wenzo3030,8150,Kyren Williams,RB,LAR,,starter
Wenzo3030,8151,Kenneth Walker,RB,KC,,bench
Wenzo3030,8259,Cameron Dicker,K,LAC,,starter
Wenzo3030,9511,Keaton Mitchell,RB,LAC,,starter
Wenzo3030,9997,Zay Flowers,WR,BAL,Questionable,starter
Wenzo3030,NE,NE D/ST,DEF,NE,,starter
Elasticschnit,10236,Dalton Kincaid,TE,BUF,,starter
Elasticschnit,11563,Bo Nix,QB,DEN,,starter
Elasticschnit,11635,Ladd McConkey,WR,LAC,Questionable,bench
Elasticschnit,11646,Jalen Coker,WR,CAR,Out,bench
Elasticschnit,1166,Kirk Cousins,QB,LV,,starter
Elasticschnit,12527,Ashton Jeanty,RB,LV,Questionable,starter
Elasticschnit,13281,Jordyn Tyson,WR,NO,IR,IR
Elasticschnit,2747,Jason Myers,K,SEA,,starter
Elasticschnit,4046,Patrick Mahomes,QB,KC,,bench
Elasticschnit,5850,Josh Jacobs,RB,GB,NA,bench
Elasticschnit,5892,David Montgomery,RB,HOU,,starter
Elasticschnit,5927,Terry McLaurin,WR,WAS,Questionable,starter
Elasticschnit,8154,Brian Robinson,RB,ATL,,bench
Elasticschnit,8228,Jaylen Warren,RB,PIT,,starter
Elasticschnit,9493,Puka Nacua,WR,LAR,,starter
Elasticschnit,SEA,SEA D/ST,DEF,SEA,,starter
