setting,value
best_ball,0
last_report,4
waiver_budget,100
disable_adds,0
divisions,0
capacity_override,0
waiver_bid_min,0
taxi_deadline,0
draft_rounds,3
reserve_allow_na,0
start_week,1
playoff_seed_type,0
playoff_teams,6
veto_votes_needed,6
squads,1
num_teams,10
daily_waivers_hour,0
playoff_type,0
taxi_slots,0
sub_start_time_eligibility,0
last_scored_leg,4
daily_waivers_days,1093
sub_lock_if_starter_active,0
playoff_week_start,15
waiver_clear_days,1
reserve_allow_doubtful,1
commissioner_direct_invite,0
veto_auto_poll,0
reserve_allow_dnr,0
taxi_allow_vets,0
waiver_day_of_week,1
playoff_round_type,0
reserve_allow_out,1
reserve_allow_sus,0
veto_show_votes,0
trade_deadline,14
taxi_years,0
daily_waivers,0
faab_suggestions,0
disable_trades,0
pick_trading,0
type,0
max_keepers,1
waiver_type,2
max_subs,2
league_average_match,0
trade_review_days,1
bench_lock,0
offseason_adds,0
leg,5
reserve_slots,2
reserve_allow_cov,1
daily_waivers_last_ran,30
