player,pos,team,manager,slot,status,ours,sleeper,gap
Jared Wayne,WR,HOU,FREE,NA,NA,7.2,1,6.2
Aaron Jones,RB,MIN,DrBongstrong,starter,NA,17,13,4
Bryce Lance,WR,NO,FREE,NA,NA,5,1.6,3.4
Devin Singletary,RB,NYG,FREE,NA,NA,4.8,1.5,3.3
Josh Cameron,WR,JAC,FREE,NA,NA,5.6,2.4,3.2
Quinshon Judkins,RB,CLE,theNastyJK,bench,NA,12,8.9,3.1
Mitchell Evans,TE,CAR,FREE,NA,NA,4.3,1.3,3
John Metchie III,WR,CAR,FREE,NA,NA,3,0.1,2.9
Omarion Hampton,RB,LAC,jezz281,starter,NA,11.7,8.9,2.8
Laquon Treadwell,WR,IND,FREE,NA,NA,5.8,3.1,2.7
LaJohntay Wester,WR,BAL,FREE,NA,NA,3.6,1,2.6
Ashton Dulin,WR,IND,FREE,NA,NA,3.3,1,2.3
Jahan Dotson,WR,ATL,FREE,NA,NA,5.1,2.8,2.3
Jalon Daniels,QB,TB,FREE,NA,NA,15.3,13,2.3
Brashard Smith,RB,KCC,FREE,NA,NA,2.5,0.3,2.2
Jordan Watkins,WR,SF,FREE,NA,NA,3.6,1.6,2
Xavier Hutchinson,WR,HOU,FREE,NA,NA,7,5,2
Ashton Jeanty,RB,LV,Elasticschnit,starter,NA,17,15.1,1.9
Jahmyr Gibbs,RB,DET,theNastyJK,starter,NA,25.1,23.2,1.9
Quintin Morris,TE,JAC,FREE,NA,NA,2.3,0.4,1.9
Calvin Ridley,WR,TEN,FREE,NA,NA,4.4,2.6,1.8
Dareke Young,WR,LV,FREE,NA,NA,2.2,0.4,1.8
J.K. Dobbins,RB,DEN,dm98,bench,NA,10.4,8.6,1.8
Brian Robinson Jr.,RB,ATL,Elasticschnit,bench,NA,6.3,4.6,1.7
Jeremy Ruckert,TE,NYJ,FREE,NA,NA,2.5,0.8,1.7
Travis Homer,RB,PIT,FREE,NA,NA,2.1,0.4,1.7
Cyrus Allen,WR,KCC,FREE,NA,NA,2.1,0.5,1.6
Darnell Mooney,WR,NYG,FREE,NA,NA,5.6,4,1.6
Kaleb Johnson,RB,GB,FREE,NA,NA,5.2,3.6,1.6
Mark Andrews,TE,BAL,Wenzo3030,starter,Questionable,9.1,7.5,1.6
Durham Smythe,TE,BAL,FREE,NA,NA,2.2,0.7,1.5
Dyami Brown,WR,WAS,FREE,NA,NA,2.1,0.6,1.5
Ty Johnson,RB,BUF,FREE,NA,NA,3.8,2.3,1.5
Charlie Woerner,TE,ATL,FREE,NA,NA,1.9,0.5,1.4
CJ Donaldson,RB,NO,FREE,NA,NA,4.7,3.3,1.4
Demario Douglas,WR,NE,FREE,NA,NA,6.7,5.3,1.4
Dohnte Meyers,WR,CIN,FREE,NA,NA,3.4,2,1.4
Isaac TeSlaa,WR,DET,FREE,NA,NA,5.3,3.9,1.4
Malachi Fields,WR,NYG,FREE,NA,NA,6.2,4.8,1.4
Tyler Warren,TE,IND,Wenzo3030,bench,NA,10.5,9.1,1.4
Caleb Douglas,WR,MIA,FREE,NA,NA,6.5,5.2,1.3
Emari Demercado,RB,DAL,FREE,NA,NA,2.5,1.2,1.3
Jahdae Walker,WR,CHI,FREE,NA,NA,3.2,1.9,1.3
Mack Hollins,WR,NE,FREE,NA,NA,7.6,6.3,1.3
Amon-Ra St. Brown,WR,DET,DrBongstrong,starter,NA,17.1,15.9,1.2
Justin Herbert,QB,LAC,JLstorm1,bench,NA,16,14.8,1.2
Kaden Wetjen,WR,PIT,FREE,NA,NA,1.3,0.1,1.2
Kendrick Bourne,WR,ARI,FREE,NA,NA,5.5,4.3,1.2
Mo Alie-Cox,TE,IND,FREE,NA,NA,2.4,1.2,1.2
Nate Boerkircher,TE,JAC,FREE,NA,NA,2.5,1.3,1.2
Payne Durham,TE,TB,FREE,NA,NA,1.4,0.2,1.2
Ryan Flournoy,WR,DAL,FREE,NA,NA,7.1,5.9,1.2
Tony Pollard,RB,TEN,themikemartin,starter,NA,10.8,9.6,1.2
Treylon Burks,WR,WAS,FREE,NA,NA,1.7,0.5,1.2
Zavion Thomas,WR,CHI,FREE,NA,NA,1.9,0.7,1.2
Darnell Washington,TE,PIT,FREE,NA,NA,3.7,2.6,1.1
Deebo Samuel,WR,SF,jezz281,bench,NA,8.9,7.8,1.1
Hayden Rucci,TE,LAC,FREE,NA,NA,1.9,0.8,1.1
Jakobi Meyers,WR,JAC,FREE,NA,NA,8.9,7.8,1.1
Luke Farrell,TE,SF,FREE,NA,NA,2.4,1.3,1.1
Makai Lemon,WR,PHI,FREE,NA,NA,5.7,4.6,1.1
Tommy Tremble,TE,CAR,FREE,NA,NA,3.4,2.3,1.1
Trey McBride,TE,ARI,jezz281,starter,NA,14.4,13.3,1.1
Xavier Legette,WR,CAR,FREE,NA,NA,4.5,3.4,1.1
Antonio Williams,WR,WAS,FREE,NA,NA,5,4,1
DeVonta Smith,WR,PHI,LeJohnBrains,starter,NA,12.7,11.7,1
E.J. Jenkins,TE,PHI,FREE,NA,NA,2.1,1.1,1
Keenan Allen,WR,IND,FREE,NA,NA,7.8,6.8,1
Kevin Coleman Jr.,WR,MIA,FREE,NA,NA,2.6,1.6,1
Malik Benson,WR,LV,FREE,NA,NA,1.7,0.7,1
Romeo Doubs,WR,NE,dm98,bench,NA,9.1,8.1,1
Sean Tucker,RB,TB,FREE,NA,NA,1.5,0.5,1
Bo Melton,WR,GB,FREE,NA,NA,1.3,0.4,0.9
Bucky Irving,RB,TB,Rowdy17,starter,NA,15,14.1,0.9
George Holani,RB,SEA,FREE,NA,NA,5.6,4.7,0.9
Germie Bernard,WR,PIT,FREE,NA,NA,2.9,2,0.9
Hunter Henry,TE,NE,FREE,NA,NA,8.2,7.3,0.9
Jacoby Brissett,QB,ARI,dm98,starter,NA,18.3,17.4,0.9
Kameron Johnson,WR,TB,FREE,NA,NA,1.3,0.4,0.9
Olamide Zaccheaus,WR,ATL,FREE,NA,NA,2.8,1.9,0.9
Rasheen Ali,RB,BAL,FREE,NA,NA,1.1,0.2,0.9
Troy Franklin,WR,DEN,FREE,NA,NA,2.3,1.4,0.9
Woody Marks,RB,HOU,LeJohnBrains,bench,NA,7.9,7,0.9
Brock Wright,TE,DET,FREE,NA,NA,2,1.2,0.8
Christian McCaffrey,RB,SF,themikemartin,starter,NA,18.7,17.9,0.8
Geno Smith,QB,NYJ,themikemartin,bench,NA,15.1,14.3,0.8
Jacob Saylors,RB,DET,FREE,NA,NA,2,1.2,0.8
Jadarian Price,RB,SEA,theNastyJK,bench,NA,9.8,9,0.8
Jaylin Lane,WR,WAS,FREE,NA,NA,1.4,0.6,0.8
Kendre Miller,RB,NO,FREE,NA,NA,7.2,6.4,0.8
Marvin Harrison Jr.,WR,ARI,JLstorm1,bench,NA,6.5,5.7,0.8
Mike Washington Jr.,RB,LV,FREE,NA,NA,5.2,4.4,0.8
Oscar Delp,TE,NO,FREE,NA,NA,1.9,1.1,0.8
Ben Sinnott,TE,WAS,FREE,NA,NA,1.5,0.8,0.7
Daniel Bellinger,TE,TEN,FREE,NA,NA,2.5,1.8,0.7
Isaiah Likely,TE,NYG,DrBongstrong,starter,NA,8.9,8.2,0.7
Jaylin Noel,WR,HOU,FREE,NA,NA,4.5,3.8,0.7
Malachi Corley,WR,CLE,FREE,NA,NA,0.9,0.2,0.7
Reggie Gilliam,RB,NE,FREE,NA,NA,0.9,0.2,0.7
Will Kacmarek,TE,MIA,FREE,NA,NA,1.6,0.9,0.7
Ben Skowronek,WR,PIT,FREE,NA,NA,0.8,0.2,0.6
Charlie Kolar,TE,LAC,FREE,NA,NA,2,1.4,0.6
Chris Manhertz,TE,NYG,FREE,NA,NA,0.8,0.2,0.6
C.J. Stroud,QB,HOU,Rowdy17,starter,NA,20.1,19.5,0.6
Jackson Hawes,TE,BUF,FREE,NA,NA,1.5,0.9,0.6
Javonte Williams,RB,DAL,Rowdy17,bench,NA,15.6,15,0.6
Tanner Hudson,TE,CIN,FREE,NA,NA,1.9,1.3,0.6
Brevyn Spann-Ford,TE,DAL,FREE,NA,NA,1.5,1,0.5
British Brooks,RB,HOU,FREE,NA,NA,0.6,0.1,0.5
Corey Kiner,RB,NE,FREE,NA,NA,1.2,0.7,0.5
Darius Slayton,WR,IND,FREE,NA,NA,4.4,3.9,0.5
Davis Allen,TE,LAR,FREE,NA,NA,1.6,1.1,0.5
Dylan Laube,RB,LV,FREE,NA,NA,1,0.5,0.5
Efton Chism III,WR,NE,FREE,NA,NA,1.5,1,0.5
Jonnu Smith,TE,GB,FREE,NA,NA,3.1,2.6,0.5
Jordan James,RB,SF,FREE,NA,NA,1.3,0.8,0.5
Josh Whyle,TE,GB,FREE,NA,NA,0.8,0.3,0.5
Rashod Bateman,WR,BAL,FREE,NA,NA,8,7.5,0.5
Roschon Johnson,RB,CHI,FREE,NA,NA,0.8,0.3,0.5
Sione Vaki,RB,DET,FREE,NA,NA,3.3,2.8,0.5
Tanner Koziol,TE,JAC,FREE,NA,NA,1.6,1.1,0.5
Cooper Kupp,WR,SEA,FREE,NA,NA,5.9,5.5,0.4
Devontez Walker,WR,BAL,FREE,NA,NA,3.9,3.5,0.4
Ja'Marr Chase,WR,CIN,JLstorm1,starter,NA,16.4,16,0.4
Jordan Whittington,WR,LAR,FREE,NA,NA,1.7,1.3,0.4
Kyle Williams,WR,NE,FREE,NA,NA,3.2,2.8,0.4
Max Klare,TE,LAR,FREE,NA,NA,0.8,0.4,0.4
Nate Adkins,TE,DEN,FREE,NA,NA,1.9,1.5,0.4
Rashid Shaheed,WR,SEA,FREE,NA,NA,6.7,6.3,0.4
Adam Trautman,TE,DEN,FREE,NA,NA,1.8,1.5,0.3
Cade Stover,TE,HOU,FREE,NA,NA,1,0.7,0.3
Cam Skattebo,RB,NYG,dm98,starter,NA,16.4,16.1,0.3
Chris Bell,WR,MIA,FREE,NA,NA,5,4.7,0.3
Devin Duvernay,WR,ARI,FREE,NA,NA,0.4,0.1,0.3
Elijah Higgins,TE,ARI,FREE,NA,NA,1.6,1.3,0.3
Eric Saubert,TE,SEA,FREE,NA,NA,0.7,0.4,0.3
KC Concepcion,WR,CLE,FREE,NA,NA,7.3,7,0.3
LeQuint Allen,RB,JAC,FREE,NA,NA,1.8,1.5,0.3
Luke McCaffrey,WR,WAS,FREE,NA,NA,0.7,0.4,0.3
Nikko Remigio,WR,KC,FREE,NA,NA,0.5,0.2,0.3
Oronde Gadsden II,TE,LAC,theNastyJK,starter,NA,5.9,5.6,0.3
Tahj Brooks,RB,CIN,FREE,NA,NA,0.9,0.6,0.3
Tyler Allgeier,RB,ARI,FREE,NA,NA,7.2,6.9,0.3
Tyrone Tracy Jr.,RB,NYG,FREE,NA,NA,1.2,0.9,0.3
Austin Hooper,TE,ATL,FREE,NA,NA,2.4,2.2,0.2
Derius Davis,WR,LAC,FREE,NA,NA,0.7,0.5,0.2
Emeka Egbuka,WR,TB,dm98,bench,NA,9.4,9.2,0.2
Emmett Johnson,RB,KC,dm98,bench,NA,4.5,4.3,0.2
Garrett Wilson,WR,NYJ,themikemartin,starter,NA,14.5,14.3,0.2
Julius Chestnut,RB,TEN,FREE,NA,NA,0.5,0.3,0.2
Khalil Shakir,WR,BUF,FREE,NA,NA,6.9,6.7,0.2
Roman Wilson,WR,PIT,FREE,NA,NA,4.4,4.2,0.2
Tank Bigsby,RB,PHI,FREE,NA,NA,4.5,4.3,0.2
Theo Johnson,TE,NYG,FREE,NA,NA,3,2.8,0.2
Tyler Shough,QB,NO,theNastyJK,starter,NA,19.9,19.7,0.2
Bijan Robinson,RB,ATL,LeJohnBrains,starter,NA,22.3,22.2,0.1
Cade Otton,TE,TB,FREE,NA,NA,5.9,5.8,0.1
Chris Rodriguez Jr.,RB,JAC,FREE,NA,NA,6.1,6,0.1
Dak Prescott,QB,DAL,dm98,starter,NA,19.2,19.1,0.1
DK Metcalf,WR,PIT,Wenzo3030,bench,NA,8.8,8.7,0.1
Foster Moreau,TE,HOU,FREE,NA,NA,2.9,2.8,0.1
George Kittle,TE,SF,dm98,starter,NA,9.8,9.7,0.1
Isaiah Bond,WR,CLE,FREE,NA,NA,2.1,2,0.1
Jacob Cowing,WR,SF,FREE,NA,NA,2.2,2.1,0.1
Jalen Brooks,WR,ARI,FREE,NA,NA,0.4,0.3,0.1
Jalen Hurts,QB,PHI,LeJohnBrains,starter,NA,18.5,18.4,0.1
Jalen Tolbert,WR,MIA,FREE,NA,NA,0.4,0.3,0.1
John Bates,TE,WAS,FREE,NA,NA,1.6,1.5,0.1
Jonathan Mingo,WR,DAL,FREE,NA,NA,0.5,0.4,0.1
Kene Nwangwu,RB,NYJ,FREE,NA,NA,0.2,0.1,0.1
Michael Mayer,TE,LV,FREE,NA,NA,3.8,3.7,0.1
Quentin Johnston,WR,LAC,FREE,NA,NA,7.9,7.8,0.1
Rashee Rice,WR,KC,jezz281,starter,NA,12.6,12.5,0.1
Tetairoa McMillan,WR,CAR,theNastyJK,starter,NA,12.8,12.7,0.1
Tylan Wallace,WR,CLE,FREE,NA,NA,0.8,0.7,0.1
AJ Dillon,RB,CAR,FREE,NA,NA,4.2,4.2,0
Greg Dulcich,TE,MIA,FREE,NA,NA,5.1,5.1,0
Ian Thomas,TE,LV,FREE,NA,NA,0.3,0.3,0
James Cook III,RB,BUF,dm98,starter,NA,18.8,18.8,0
Jaylen Wright,RB,MIA,jezz281,IR,Out,4.9,4.9,0
Josh Cuevas,TE,BAL,FREE,NA,NA,0.8,0.8,0
Keaton Mitchell,RB,LAC,FREE,NA,NA,4.6,4.6,0
Kenyon Sadiq,TE,NYJ,JLstorm1,starter,NA,7.9,7.9,0
Raheim Sanders,RB,CLE,FREE,NA,NA,3.8,3.8,0
Tyjae Spears,RB,TEN,FREE,NA,NA,6.9,6.9,0
Xavier Smith,WR,LAR,FREE,NA,NA,0.9,0.9,0
Zach Ertz,TE,PHI,FREE,NA,NA,2.8,2.8,0
Blake Corum,RB,LAR,Rowdy17,bench,NA,8.3,8.4,-0.1
Blake Whiteheart,TE,CLE,FREE,NA,NA,1.9,2,-0.1
Cameron Latu,TE,PHI,FREE,NA,NA,0,0.1,-0.1
Feleipe Franks,TE,CAR,FREE,NA,NA,0,0.1,-0.1
Justin Jefferson,WR,MIN,DrBongstrong,starter,Out,14.8,14.9,-0.1
Kimani Vidal,RB,LAC,FREE,NA,NA,1.7,1.8,-0.1
Mason Taylor,TE,NYJ,FREE,NA,NA,1.8,1.9,-0.1
Myles Price,WR,MIN,FREE,NA,NA,0,0.1,-0.1
Riley Nowakowski,RB,PIT,FREE,NA,NA,0.1,0.2,-0.1
Trevor Lawrence,QB,JAC,Rowdy17,starter,NA,20.9,21,-0.1
Dontayvion Wicks,WR,PHI,FREE,NA,NA,7.4,7.6,-0.2
Jalen Royals,WR,KCC,FREE,NA,NA,1.4,1.6,-0.2
Kayshon Boutte,WR,HOU,FREE,NA,NA,6.8,7,-0.2
Kyle Monangai,RB,CHI,jezz281,bench,NA,8.9,9.1,-0.2
Kyler Murray,QB,MIN,DrBongstrong,bench,NA,21.1,21.3,-0.2
Nicholas Singleton,RB,TEN,FREE,NA,NA,1.5,1.7,-0.2
Chris Godwin,WR,TB,Wenzo3030,bench,NA,7,7.3,-0.3
Davante Adams,WR,LAR,Wenzo3030,starter,NA,11.2,11.5,-0.3
Dawson Knox,TE,BUF,FREE,NA,NA,3,3.3,-0.3
Drew Sample,TE,CIN,FREE,NA,NA,1.6,1.9,-0.3
Elijah Moore,WR,PHI,FREE,NA,NA,0,0.3,-0.3
Konata Mumpfield,WR,LAR,FREE,NA,NA,1.6,1.9,-0.3
Sam LaPorta,TE,DET,Rowdy17,bench,NA,8.5,8.8,-0.3
Tai Felton,WR,MIN,FREE,NA,NA,1,1.3,-0.3
Travis Kelce,TE,KC,themikemartin,starter,NA,9.5,9.8,-0.3
Zachariah Branch,WR,ATL,FREE,NA,NA,2.6,2.9,-0.3
Carnell Tate,WR,TEN,dm98,bench,NA,7.9,8.3,-0.4
Jared Goff,QB,DET,jezz281,starter,NA,18.2,18.6,-0.4
Jerry Jeudy,WR,CLE,FREE,NA,NA,4.8,5.2,-0.4
Josh Allen,QB,BUF,Wenzo3030,starter,Questionable,25.1,25.5,-0.4
Malik Willis,QB,MIA,theNastyJK,starter,NA,13.4,13.8,-0.4
Marlin Klein,TE,HOU,FREE,NA,NA,1.2,1.6,-0.4
Odell Beckham Jr.,WR,NYG,FREE,NA,NA,0.7,1.1,-0.4
Terry McLaurin,WR,WAS,Elasticschnit,bench,NA,10.5,10.9,-0.4
Tre Harris,WR,LAC,FREE,NA,NA,5.4,5.8,-0.4
Brock Purdy,QB,SF,jezz281,starter,NA,20.5,21,-0.5
Connor Heyward,TE,LV,FREE,NA,NA,0.3,0.8,-0.5
Erick All,TE,CIN,FREE,NA,NA,1.7,2.2,-0.5
Evan Engram,TE,DEN,FREE,NA,NA,4,4.5,-0.5
Jalen Nailor,WR,LV,FREE,NA,NA,5,5.5,-0.5
Kaelon Black,RB,SF,FREE,NA,NA,5.4,5.9,-0.5
Kaytron Allen,RB,WAS,FREE,NA,NA,2.1,2.6,-0.5
Kenneth Walker III,RB,KC,Wenzo3030,starter,NA,18.9,19.4,-0.5
Ladd McConkey,WR,LAC,Elasticschnit,starter,NA,10.6,11.1,-0.5
Sam Roush,TE,CHI,FREE,NA,NA,1.3,1.8,-0.5
Tre Tucker,WR,LV,FREE,NA,NA,7.2,7.7,-0.5
Demond Claiborne,RB,MIN,FREE,NA,NA,2.9,3.5,-0.6
George Pickens,WR,DAL,jezz281,starter,NA,11.9,12.5,-0.6
Keon Coleman,WR,BUF,FREE,NA,NA,4.9,5.5,-0.6
Lamar Jackson,QB,BAL,JLstorm1,starter,NA,25.1,25.7,-0.6
Malik Washington,WR,MIA,FREE,NA,NA,6.8,7.4,-0.6
Noah Gray,TE,KC,FREE,NA,NA,2,2.6,-0.6
Samaje Perine,RB,CIN,FREE,NA,NA,4.9,5.5,-0.6
Tay Martin,WR,DET,FREE,NA,NA,0,0.6,-0.6
Tez Johnson,WR,TB,FREE,NA,NA,1.7,2.3,-0.6
Tory Horton,WR,SEA,FREE,NA,NA,2.5,3.1,-0.6
Brian Thomas Jr.,WR,JAC,FREE,NA,NA,7.9,8.6,-0.7
Chimere Dike,WR,TEN,FREE,NA,NA,1.1,1.8,-0.7
Cole Kmet,TE,CHI,FREE,NA,NA,2.5,3.2,-0.7
DeeJay Dallas,RB,MIN,FREE,NA,NA,4,4.7,-0.7
Eli Raridon,TE,NE,FREE,NA,NA,2.7,3.4,-0.7
Jaylen Waddle,WR,DEN,JLstorm1,starter,NA,9.9,10.6,-0.7
Josh Downs,WR,IND,Rowdy17,bench,NA,10.4,11.1,-0.7
Marvin Mims Jr.,WR,DEN,FREE,NA,NA,1,1.7,-0.7
Michael Pittman,WR,PIT,FREE,NA,NA,6.8,7.5,-0.7
Pat Freiermuth,TE,PIT,FREE,NA,NA,5.7,6.4,-0.7
Seth McGowan,RB,IND,FREE,NA,NA,2.3,3,-0.7
Tyler Badie,RB,DEN,FREE,NA,NA,1.9,2.6,-0.7
Chuba Hubbard,RB,CAR,Wenzo3030,starter,NA,16.1,16.9,-0.8
Dalton Schultz,TE,HOU,Rowdy17,starter,NA,7.5,8.3,-0.8
Harold Fannin Jr.,TE,CLE,dm98,bench,NA,8.9,9.7,-0.8
Joe Burrow,QB,CIN,LeJohnBrains,starter,NA,19.4,20.2,-0.8
Jonathan Taylor,RB,IND,themikemartin,starter,NA,21.8,22.6,-0.8
Stefon Diggs,WR,WAS,themikemartin,bench,NA,9,9.8,-0.8
Will Shipley,RB,PHI,FREE,NA,NA,0.9,1.7,-0.8
Bryce Young,QB,CAR,themikemartin,starter,NA,19.4,20.3,-0.9
Brycen Tremayne,WR,CAR,FREE,NA,NA,0,0.9,-0.9
Cam Ward,QB,TEN,Wenzo3030,bench,NA,13.4,14.3,-0.9
Dalton Kincaid,TE,BUF,Elasticschnit,starter,NA,10.2,11.1,-0.9
KaVontae Turpin,WR,DAL,FREE,NA,NA,2,2.9,-0.9
Wan'Dale Robinson,WR,TEN,FREE,NA,NA,7.1,8,-0.9
Brenen Thompson,WR,LAC,FREE,NA,NA,0.7,1.7,-1
Chris Olave,WR,NO,Rowdy17,starter,NA,16.4,17.4,-1
Colston Loveland,TE,CHI,LeJohnBrains,starter,NA,8,9,-1
Courtland Sutton,WR,DEN,themikemartin,bench,NA,7.8,8.8,-1
Deshaun Watson,QB,CLE,FREE,NA,NA,15.5,16.5,-1
Elic Ayomanor,WR,TEN,FREE,NA,NA,4.7,5.7,-1
Emanuel Wilson,RB,SEA,FREE,NA,NA,5.3,6.3,-1
Jameson Williams,WR,DET,theNastyJK,bench,NA,9.8,10.8,-1
Jordan Addison,WR,MIN,JLstorm1,bench,NA,9.3,10.3,-1
Justice Hill,RB,BAL,FREE,NA,NA,4.8,5.8,-1
Luke Schoonmaker,TE,DAL,FREE,NA,NA,0.3,1.3,-1
Ollie Gordon II,RB,MIA,JLstorm1,bench,Questionable,4.6,5.6,-1
T.J. Hockenson,TE,MIN,FREE,NA,NA,5.9,6.9,-1
Tyson Bagent,QB,CHI,FREE,NA,NA,15.4,16.4,-1
Adonai Mitchell,WR,NYJ,LeJohnBrains,bench,Out,6.6,7.7,-1.1
Brenton Strange,TE,JAC,FREE,NA,NA,7,8.1,-1.1
CeeDee Lamb,WR,DAL,dm98,starter,NA,14.6,15.7,-1.1
Luther Burden III,WR,CHI,theNastyJK,starter,NA,9.2,10.3,-1.1
Mike Gesicki,TE,CIN,FREE,NA,NA,5.6,6.7,-1.1
Najee Harris,RB,NYG,FREE,NA,NA,4.5,5.6,-1.1
Saquon Barkley,RB,PHI,Rowdy17,starter,NA,14.7,15.8,-1.1
Tyler Goodson,RB,DAL,FREE,NA,NA,1.7,2.8,-1.1
Xavier Worthy,WR,KC,themikemartin,bench,NA,7.4,8.5,-1.1
AJ Barner,TE,SEA,FREE,NA,NA,6.6,7.8,-1.2
Rachaad White,RB,WAS,FREE,NA,NA,6.3,7.5,-1.2
Rome Odunze,WR,CHI,theNastyJK,bench,NA,8.1,9.3,-1.2
Ameer Abdullah,RB,JAC,FREE,NA,NA,1.5,2.8,-1.3
Brock Bowers,TE,LV,theNastyJK,bench,NA,10.9,12.2,-1.3
Gunnar Helm,TE,TEN,FREE,NA,NA,4,5.3,-1.3
Jeremiyah Love,RB,ARI,dm98,starter,NA,15,16.3,-1.3
Juwan Johnson,TE,NO,themikemartin,bench,NA,8.8,10.1,-1.3
Kalif Raymond,WR,CHI,FREE,NA,NA,5.4,6.7,-1.3
Kyren Williams,RB,LAR,Wenzo3030,starter,NA,13.1,14.4,-1.3
Tyquan Thornton,WR,KC,FREE,NA,NA,4.5,5.8,-1.3
Aaron Rodgers,QB,PIT,FREE,NA,NA,13.3,14.7,-1.4
Devaughn Vele,WR,NO,jezz281,bench,NA,7.2,8.6,-1.4
Drake London,WR,ATL,Wenzo3030,bench,NA,13.9,15.3,-1.4
Drake Maye,QB,NE,Wenzo3030,starter,NA,18.2,19.6,-1.4
Johnny Mundt,TE,PHI,FREE,NA,NA,0.9,2.3,-1.4
Malik Nabers,WR,NYG,theNastyJK,starter,NA,10.3,11.7,-1.4
Noah Fant,TE,NO,FREE,NA,NA,3.6,5,-1.4
Patrick Mahomes,QB,KC,Elasticschnit,starter,NA,22,23.4,-1.4
Tucker Kraft,TE,GB,JLstorm1,starter,NA,7.9,9.3,-1.4
Darren Waller,TE,CAR,FREE,NA,NA,5.9,7.4,-1.5
Jaxon Smith-Njigba,WR,SEA,themikemartin,starter,NA,19,20.5,-1.5
Jaylen Warren,RB,PIT,Elasticschnit,starter,NA,14.2,15.7,-1.5
Matthew Stafford,QB,LAR,DrBongstrong,starter,NA,16.5,18,-1.5
Barion Brown,WR,NO,FREE,NA,NA,0.1,1.7,-1.6
Colby Parkinson,TE,LAR,FREE,NA,NA,3.5,5.1,-1.6
Isaiah Williams,WR,NYJ,FREE,NA,NA,2.4,4,-1.6
Pat Bryant,WR,DEN,FREE,NA,NA,5.1,6.7,-1.6
Rhamondre Stevenson,RB,NE,jezz281,bench,NA,10.2,11.8,-1.6
Ted Hurst,WR,TB,FREE,NA,NA,3.9,5.5,-1.6
Bhayshul Tuten,RB,JAC,DrBongstrong,bench,NA,12.5,14.3,-1.8
Darius Cooper,WR,PHI,FREE,NA,NA,0,1.8,-1.8
Derrick Henry,RB,BAL,DrBongstrong,starter,NA,20.9,22.7,-1.8
Elijah Arroyo,TE,SEA,FREE,NA,NA,1.5,3.3,-1.8
Matthew Golden,WR,GB,dm98,starter,NA,9.4,11.2,-1.8
Ray Davis,RB,BUF,FREE,NA,NA,1.5,3.3,-1.8
Chase Brown,RB,CIN,jezz281,starter,NA,15.9,17.9,-2
Jake Ferguson,TE,DAL,FREE,NA,NA,5.5,7.6,-2.1
Michael Penix Jr.,QB,ATL,JLstorm1,starter,NA,13.8,15.9,-2.1
Denzel Boston,WR,CLE,LeJohnBrains,starter,NA,7.9,10.1,-2.2
DJ Moore,WR,BUF,LeJohnBrains,starter,NA,9.5,11.9,-2.4
Isaiah Davis,RB,NYJ,FREE,NA,NA,5.7,8.1,-2.4
Jordan Love,QB,GB,themikemartin,starter,NA,16.5,18.9,-2.4
Michael Wilson,WR,ARI,DrBongstrong,bench,NA,9.9,12.3,-2.4
RJ Harvey,RB,DEN,LeJohnBrains,bench,Questionable,7.8,10.2,-2.4
Jauan Jennings,WR,MIN,FREE,NA,NA,5.6,8.1,-2.5
Kyle Pitts,TE,ATL,DrBongstrong,starter,NA,6.5,9,-2.5
Alvin Kamara,RB,NO,DrBongstrong,bench,NA,6.9,9.5,-2.6
Daniel Jones,QB,IND,theNastyJK,bench,NA,16.1,18.7,-2.6
Rico Dowdle,RB,PIT,JLstorm1,bench,Out,7.7,10.3,-2.6
Christian Watson,WR,GB,DrBongstrong,starter,NA,12.2,14.9,-2.7
Mike Evans,WR,SF,LeJohnBrains,IR,Out,9.7,12.4,-2.7
Parker Washington,WR,JAC,Rowdy17,starter,NA,13.1,15.8,-2.7
Skyy Moore,WR,GB,FREE,NA,NA,1.7,4.4,-2.7
Tee Higgins,WR,CIN,Rowdy17,starter,NA,11.2,14,-2.8
David Montgomery,RB,HOU,Elasticschnit,starter,NA,15,18.1,-3.1
Jalen Coker,WR,CAR,Elasticschnit,bench,Out,9.5,12.6,-3.1
Tyler Higbee,TE,LAR,FREE,NA,NA,2.3,5.4,-3.1
Braelon Allen,RB,NYJ,JLstorm1,starter,NA,10.9,14.1,-3.2
Jameis Winston,QB,NYG,FREE,NA,NA,13.8,17,-3.2
MarShawn Lloyd,RB,GB,themikemartin,bench,NA,7,10.3,-3.3
D'Andre Swift,RB,CHI,JLstorm1,starter,NA,13.5,17,-3.5
Puka Nacua,WR,LAR,Elasticschnit,starter,Out,13.6,17.1,-3.5
Zay Flowers,WR,BAL,Wenzo3030,starter,NA,15.4,18.9,-3.5
Bo Nix,QB,DEN,Elasticschnit,starter,NA,16.1,19.8,-3.7
Jacory Croskey-Merritt,RB,WAS,jezz281,starter,NA,9.6,13.6,-4
Kirk Cousins,QB,LV,Elasticschnit,bench,NA,11.6,16.6,-5
TreVeyon Henderson,RB,NE,LeJohnBrains,starter,NA,9,14,-5
Sam Darnold,QB,SEA,DrBongstrong,bench,NA,11.3,17.1,-5.8
Nico Collins,WR,HOU,Rowdy17,bench,Out,10.8,17.1,-6.3
Marcus Mariota,QB,WAS,Wenzo3030,bench,NA,2.4,18.1,-15.7
