"id","player","team","pos","pass_att","pass_comp","pass_yds","pass_yds_g","pass_tds","pass_int","pass_rate","rush_att","rush_yds","rush_avg","rush_tds","fumbles_lost","BYE","rec","rec_tgt","rec_yds","rec_tds","pos_rank","overall_rank","team_id","rec_yds_g","rec_avg","dst_int","dst_fum_rec","dst_sacks","dst_fumbles","dst_tackles","scraped_at"
"10313","Andy Dalton","PHI","QB",13.3,8.615,98.8,8.6,0.68,0.15,107.2,2,10,5,0,1,NA,0,0,0,0,45,397,24,NA,NA,NA,NA,NA,NA,NA,"2026-09-27 11:20 UTC"
"10413","Tyrod Taylor","GB","QB",13.6,8.74,101.105,9.6,0.69,0.075,108.5,2,7.5,3.8,0,0,NA,0,0,0,0,39,390,12,NA,NA,NA,NA,NA,NA,NA,"2026-09-27 11:20 UTC"
"10700","Kirk Cousins","LV","QB",235.8225,154.88,1558.76,183,11.9525,7.5225,87,11.21,14.3275,0.8,0.3025,1,NA,0,0,0,0,32,123,35,NA,NA,NA,NA,NA,NA,NA,"2026-09-27 11:20 UTC"
"11150","Geno Smith","NYJ","QB",486.5,321.7,3290.25,181.2,19.58,12.435,85.4,54.5425,197.73,3.6,1.195,1,NA,0,0,0,0,28,39,22,NA,NA,NA,NA,NA,NA,NA,"2026-09-27 11:20 UTC"
"11222","Keenan Allen","IND","WR",0,0,0,NA,0,0,NA,0,0,0,0,0,NA,56.7325,88.5966666666667,580.08,3.3325,57,138,14,37.2,10,NA,NA,NA,NA,NA,"2026-09-27 11:20 UTC"
"11244","Travis Kelce","KC","TE",0,0,0,NA,0,0,NA,0,0,NA,0,0.2,5,72.8233333333333,100.863333333333,784.403333333333,4.95166666666667,6,91,16,52.1,11,NA,NA,NA,NA,NA,"2026-09-27 11:20 UTC"
"11247","Zach Ertz","PHI","TE",0,0,0,NA,0,0,NA,0,0,NA,0,0,NA,22.415,32.875,225.485,1.995,57,278,24,19.9,10.3,NA,NA,NA,NA,NA,"2026-09-27 11:20 UTC"
"11671","Mike Evans","SF","WR",0,0,0,NA,0,0,NA,0,0,0,0,0,NA,66.025,103.186666666667,894.79,7.13,13,63,27,57.9,13,NA,NA,NA,NA,NA,"2026-09-27 11:20 UTC"
"11675","Davante Adams","LAR","WR",0,0,0,NA,0,0,NA,0,0,0,0,0,NA,67.78,116.706666666667,949.99,9.385,18,71,33,69,14.8,NA,NA,NA,NA,NA,"2026-09-27 11:20 UTC"
"11679","Odell Beckham Jr.","NYG","WR",NA,NA,NA,NA,NA,NA,NA,2,11,NA,0,NA,NA,3,5,34,0,NA,NA,NA,NA,NA,NA,NA,NA,NA,NA,"2026-09-27 11:20 UTC"
"12140","Jameis Winston","NYG","QB",367.6,219.39,2526.595,181.7,14.6525,13.555,74.3,32.7325,119.6825,3.3,1.315,3,NA,0,0,0,0,27,38,21,NA,NA,NA,NA,NA,NA,NA,"2026-09-27 11:20 UTC"
"12141","Marcus Mariota","WAS","QB",27.075,16.74,170.71,17.9,1.215,0.65,84.3,4.5,26.5,5.9,0,0,NA,0,0,0,0,36,386,32,NA,NA,NA,NA,NA,NA,NA,"2026-09-27 11:20 UTC"
"12155","Ameer Abdullah","JAC","RB",0,0,0,NA,0,0,NA,19.375,82.255,NA,0.68,NA,NA,12.05,16.33,78.84,0.375,69,263,15,NA,NA,NA,NA,NA,NA,NA,"2026-09-27 11:20 UTC"
"12186","Stefon Diggs","WAS","WR",0,0,0,NA,0,0,NA,0.333333333333333,0.666666666666667,2,0,0,NA,68.2775,100.686666666667,774.27,5.155,25,81,32,48.4,11.2,NA,NA,NA,NA,NA,"2026-09-27 11:20 UTC"
"12263","Darren Waller","CAR","TE",NA,NA,NA,NA,NA,NA,NA,NA,NA,NA,NA,0,NA,37.6666666666667,48,375,4.33333333333333,NA,NA,NA,25.6,10.1,NA,NA,NA,NA,NA,"2026-09-27 11:20 UTC"
"12610","Carson Wentz","MIN","QB",17,11,119,7.9,1,1,80.3,4,18,4.5,0,0,NA,NA,NA,NA,NA,NA,NA,NA,NA,NA,NA,NA,NA,NA,NA,"2026-09-27 11:20 UTC"
"12611","Jared Goff","DET","QB",515.26,350.8275,3995.2325,254.1,29.85,8.8275,108.4,22.3775,48.77,2,0.4,3,NA,0,0,0,0,15,17,11,NA,NA,NA,NA,NA,NA,NA,"2026-09-27 11:20 UTC"
"12616","Jacoby Brissett","ARI","QB",517.7775,335.4175,3433.585,214.5,18.87,9.105,87.7,45.5825,190.0275,3.9,1.4625,4,NA,0,0,0,0,25,34,1,NA,NA,NA,NA,NA,NA,NA,"2026-09-27 11:20 UTC"
"12620","Dak Prescott","DAL","QB",556.056666666667,370.306666666667,4094.49833333333,255.5,29.685,10.815,98.5,46.9533333333333,184.6,3.9,1.885,2.53333333333333,14,0,0,0,0,8,9,9,NA,NA,NA,NA,NA,NA,NA,"2026-09-27 11:20 UTC"
"12626","Derrick Henry","BAL","RB",0,0,0,NA,0,0,NA,299.065,1483.72666666667,5.4,12.5666666666667,1.46666666666667,13,18.7016666666667,22.7566666666667,178.285,0.801666666666667,9,42,3,11.4,10.1,NA,NA,NA,NA,NA,"2026-09-27 11:20 UTC"
"12645","Laquon Treadwell","IND","WR",NA,NA,NA,NA,NA,NA,NA,1,4,4,0,0,NA,20.5,30.5,304,1.5,NA,NA,NA,28.3,16.3,NA,NA,NA,NA,NA,"2026-09-27 11:20 UTC"
"12676","Hunter Henry","NE","TE",0,0,0,NA,0,0,NA,0,0,NA,0,0,NA,55.965,78.7233333333333,643.4275,4.7725,8,99,19,41.7,12.3,NA,NA,NA,NA,NA,"2026-09-27 11:20 UTC"
"12677","Austin Hooper","ATL","TE",0,0,0,NA,0,0,NA,0,0,NA,0,0,NA,15.5425,19.08,162.9125,1.1575,72,317,2,14.2,10.5,NA,NA,NA,NA,NA,"2026-09-27 11:20 UTC"
"12678","Tyler Higbee","LAR","TE",0,0,0,NA,0,0,NA,0,0,NA,0,1,NA,15.4625,19.9033333333333,172.095,1.5625,53,271,33,15.5,11.7,NA,NA,NA,NA,NA,"2026-09-27 11:20 UTC"
"12785","Demarcus Robinson","SF","WR",0,0,0,NA,0,0,NA,0,0,NA,0,NA,NA,33.345,53.24,466.66,3.12,70,163,27,NA,NA,NA,NA,NA,NA,NA,"2026-09-27 11:20 UTC"
"12955","Chris Manhertz","NYG","TE",0,0,0,NA,0,0,NA,0,0,NA,0,NA,NA,3.29,5.07,33.95,0.18,91,376,21,NA,NA,NA,NA,NA,NA,NA,"2026-09-27 11:20 UTC"
"13066","Kalif Raymond","CHI","WR",0,0,0,NA,0,0,NA,1.5,8,4.5,0,0,NA,38.4725,60.1466666666667,427.4475,2.495,68,161,6,30,10.7,NA,NA,NA,NA,NA,"2026-09-27 11:20 UTC"
"13113","Deshaun Watson","CLE","QB",419.2075,271.5825,2850.85,210.5,14.7425,9.885,85.8,72.3625,352.5,5.1,2.13,3,NA,0,0,0,0,29,40,8,NA,NA,NA,NA,NA,NA,NA,"2026-09-27 11:20 UTC"
"13115","Mitch Trubisky","TEN","QB",15.9366666666667,9.82333333333333,103.933333333333,7.3,0.78,0.433333333333333,87.5,1.66666666666667,5.66666666666667,3,0,0,NA,0,0,0,0,48,400,31,NA,NA,NA,NA,NA,NA,NA,"2026-09-27 11:20 UTC"
"13116","Patrick Mahomes","KC","QB",534.616666666667,341.225,3734.02833333333,235.8,26.5866666666667,10.9033333333333,90.7,63.2416666666667,340.063333333333,5.3,3.24333333333333,1.33333333333333,5,0,0,0,0,9,10,16,NA,NA,NA,NA,NA,NA,NA,"2026-09-27 11:20 UTC"
"13119","Joshua Dobbs","DET","QB",15.2,10.36,114.34,10.7,0.655,0.15,110.6,2,4,2,0,0,NA,0,0,0,0,54,406,11,NA,NA,NA,NA,NA,NA,NA,"2026-09-27 11:20 UTC"
"13130","Christian McCaffrey","SF","RB",0,0,0,NA,0,0,NA,234.746666666667,984.601666666667,3.9,8.11,1.06666666666667,8,71.8483333333333,82.0333333333333,623.223333333333,4.06166666666667,5,32,27,35.7,8.9,NA,NA,NA,NA,NA,"2026-09-27 11:20 UTC"
"13132","Alvin Kamara","NO","RB",0,0,0,NA,0,0,NA,104.4625,406.69,3.6,2.5075,1,NA,29.8275,37.56,195.635,1.0125,49,188,20,14.9,6.2,NA,NA,NA,NA,NA,"2026-09-27 11:20 UTC"
"13133","Samaje Perine","CIN","RB",0,0,0,NA,0,0,NA,70.1175,301.13,4.4,2.375,1,NA,19.755,26.25,160.48,0.87,45,179,7,10.3,9.1,NA,NA,NA,NA,NA,"2026-09-27 11:20 UTC"
"13143","Jeremy McNichols","WSH","RB",0,0,0,NA,0,0,NA,0,0,NA,0,NA,NA,0,0,0,0,110,414,32,NA,NA,NA,NA,NA,NA,NA,"2026-09-27 11:20 UTC"
"13146","James Conner","ARI","RB",0,0,0,NA,0,0,NA,18.6666666666667,70,3.4,0.666666666666667,0,NA,3.66666666666667,1.5,29.6666666666667,0,110,414,1,1.6,7,NA,NA,NA,NA,NA,"2026-09-27 11:20 UTC"
"13163","Chris Godwin","TB","WR",0,0,0,NA,0,0,NA,2.75,17,7,0,0,NA,62.3025,86.1666666666667,711.005,4.475,32,94,30,47.1,11.8,NA,NA,NA,NA,NA,"2026-09-27 11:20 UTC"
"13164","Cooper Kupp","SEA","WR",0,0,0,NA,0,0,NA,0,0.666666666666667,0,0,1,NA,40.87,65.0766666666667,507.47,3.0525,54,134,28,37.8,12.3,NA,NA,NA,NA,NA,"2026-09-27 11:20 UTC"
"13189","Evan Engram","DEN","TE",0,0,0,NA,0,0,NA,0,0,NA,0,0,NA,47.885,63.0766666666667,415.4075,2.56,32,204,10,29.1,9.1,NA,NA,NA,NA,NA,"2026-09-27 11:20 UTC"
"13192","David Njoku","LAC","TE",0,0,0,NA,0,0,NA,0,0,NA,0,0,NA,31.13,36.485,267.72,2.34333333333333,36,224,34,16.5,9.5,NA,NA,NA,NA,NA,"2026-09-27 11:20 UTC"
"13193","Jonnu Smith","GB","TE",0,0,0,NA,0,0,NA,1,2.5,NA,0,0,NA,26.9633333333333,38,242.113333333333,1.90333333333333,34,214,12,17.6,9.9,NA,NA,NA,NA,NA,"2026-09-27 11:20 UTC"
"13246","Mo Alie-Cox","IND","TE",0,0,0,NA,0,0,NA,0,0,NA,0,NA,NA,12.5,18.7,143.42,0.85,62,294,14,NA,NA,NA,NA,NA,NA,NA,"2026-09-27 11:20 UTC"
"13289","Mack Hollins","NE","WR",0,0,0,NA,0,0,NA,0.333333333333333,0.666666666666667,2,0,0,NA,32.87,53.5866666666667,418.8125,2.54,90,207,19,40.4,13.5,NA,NA,NA,NA,NA,"2026-09-27 11:20 UTC"
"13299","George Kittle","SF","TE",0,0,0,NA,0,0,NA,0,0,NA,0,0.133333333333333,8,65.5266666666667,79.63,778.998333333333,5.81833333333333,13,119,27,52,12.4,NA,NA,NA,NA,NA,"2026-09-27 11:20 UTC"
"13315","Eric Saubert","SEA","TE",0,0,0,NA,0,0,NA,0,0,NA,0,NA,NA,6.6,9.8,60.81,0.51,80,347,28,NA,NA,NA,NA,NA,NA,NA,"2026-09-27 11:20 UTC"
"13319","Aaron Jones","MIN","RB",0,0,0,NA,0,0,NA,166.5725,730.9775,4.4,4.0875,1,NA,33.935,45.1233333333333,247.03,1.4775,21,73,18,13.9,7.4,NA,NA,NA,NA,NA,"2026-09-27 11:20 UTC"
"13348","David Moore","CAR","WR",0,0,0,NA,0,0,NA,0,0,NA,0,NA,NA,0,0,0,0,155,414,5,NA,NA,NA,NA,NA,NA,NA,"2026-09-27 11:20 UTC"
"13377","Tim Patrick","NYJ","WR",0,0,0,NA,0,0,NA,0,0,NA,0,NA,NA,7.04,11.15,90.58,0.45,135,332,22,NA,NA,NA,NA,NA,NA,NA,"2026-09-27 11:20 UTC"
"13418","Kendrick Bourne","ARI","WR",0,0,0,NA,0,0,NA,0,0.333333333333333,0,0,0,NA,38.1825,63.04,448.2125,2.185,63,150,1,27.9,12,NA,NA,NA,NA,NA,"2026-09-27 11:20 UTC"
"13455","Patrick Ricard","NYG","RB",0,0,0,NA,0,0,NA,8.19,32.73,NA,0.15,NA,NA,7,10.11,49.84,0.27,92,337,21,NA,NA,NA,NA,NA,NA,NA,"2026-09-27 11:20 UTC"
"13589","Josh Allen","BUF","QB",482.696666666667,326.928333333333,3759.53666666667,227.1,26.3116666666667,10.58,104,109.976666666667,538.388333333333,4.6,10.8633333333333,4.06666666666667,7,0,0,0,0,1,1,4,NA,NA,NA,NA,NA,NA,NA,"2026-09-27 11:20 UTC"
"13590","Baker Mayfield","TB","QB",503.8625,328.575,3526.575,219,23.89,11.745,91.1,57.285,315.465,6.3,2.0075,5,NA,0,0,0,0,19,22,30,NA,NA,NA,NA,NA,NA,NA,"2026-09-27 11:20 UTC"
"13592","Sam Darnold","SEA","QB",472.2375,314.435,3789.8675,232.4,24.675,11.755,104.1,37.8575,117.69,2.8,0.7975,5,NA,0,0,0,0,18,21,28,NA,NA,NA,NA,NA,NA,NA,"2026-09-27 11:20 UTC"
"13593","Lamar Jackson","BAL","QB",443.291666666667,288.778333333333,3639.56,209.7,27.1466666666667,8.9,109.3,107.461666666667,598.67,5.7,3.10666666666667,4.46666666666667,13,0,0,0,0,2,2,3,NA,NA,NA,NA,NA,NA,NA,"2026-09-27 11:20 UTC"
"13595","Mason Rudolph","PIT","QB",14.545,9.3,95.485,8.1,0.67,0.15,98.8,2,7,3.5,0,0,NA,0,0,0,0,46,398,25,NA,NA,NA,NA,NA,NA,NA,"2026-09-27 11:20 UTC"
"13604","Saquon Barkley","PHI","RB",0,0,0,NA,0,0,NA,272.716666666667,1250.12166666667,4.7,7.69166666666667,1,10,39.56,49.1966666666667,308.47,2.01166666666667,10,43,24,16.3,7.7,NA,NA,NA,NA,NA,"2026-09-27 11:20 UTC"
"13629","Calvin Ridley","TEN","WR",0,0,0,NA,0,0,NA,1.75,9.5,6.3,0,0,NA,38.615,70.8033333333333,582.5675,3.0025,69,162,31,49.3,16.4,NA,NA,NA,NA,NA,"2026-09-27 11:20 UTC"
"13630","Courtland Sutton","DEN","WR",0,0,0,NA,0,0,NA,0,0,0,0,0,NA,56.8775,94.2166666666667,729.85,5.515,53,131,10,46.7,12.5,NA,NA,NA,NA,NA,"2026-09-27 11:20 UTC"
"13633","Christian Kirk","SF","WR",0,0,0,NA,0,0,NA,0,0,0,0,0,NA,21,36.5,245,1.5,155,414,27,37.7,11.7,NA,NA,NA,NA,NA,"2026-09-27 11:20 UTC"
"13635","DJ Moore","BUF","WR",0,0,0,NA,0,0,NA,8.7975,43.57,4.5,0.3225,0,NA,62.2775,92.1133333333333,803.9675,5.66,33,95,4,44.3,12.6,NA,NA,NA,NA,NA,"2026-09-27 11:20 UTC"
"13669","Malik Turner","SF","WR",0,0,0,NA,0,0,NA,0,0,NA,0,NA,NA,8.22,13.02,101.72,0.62,132,324,27,NA,NA,NA,NA,NA,NA,NA,"2026-09-27 11:20 UTC"
"13671","Mark Andrews","BAL","TE",0,0,0,NA,0,0,NA,8.175,30.24,NA,0.245,0,NA,58.4775,81.04,610.0875,6.43,3,75,3,33,9.9,NA,NA,NA,NA,NA,"2026-09-27 11:20 UTC"
"13672","Mike Gesicki","CIN","TE",0,0,0,NA,0,0,NA,0,0,NA,0,0,NA,42.52,59.1766666666667,457.0525,3.7425,28,189,7,39.1,12.2,NA,NA,NA,NA,NA,"2026-09-27 11:20 UTC"
"13674","Dallas Goedert","PHI","TE",0,0,0,NA,0,0,NA,0,0,NA,0,0.133333333333333,10,60.4483333333333,74.7166666666667,639.07,6.35333333333333,18,142,24,42.4,11.2,NA,NA,NA,NA,NA,"2026-09-27 11:20 UTC"
"13676","Durham Smythe","BAL","TE",0,0,0,NA,0,0,NA,0,0,NA,0,0,NA,15.68,25.135,156.15,1.505,61,290,3,11.7,9.7,NA,NA,NA,NA,NA,"2026-09-27 11:20 UTC"
"13678","Ian Thomas","LV","TE",0,0,0,NA,0,0,NA,0,0,NA,0,0,NA,5.64,7.5,47.25,0.575,94,392,35,4.9,8.2,NA,NA,NA,NA,NA,"2026-09-27 11:20 UTC"
"13772","Dalton Schultz","HOU","TE",0,0,0,NA,0,0,NA,0,0,NA,0,0,NA,62.0225,84.0866666666667,603.7025,3.125,25,184,13,49.1,10.1,NA,NA,NA,NA,NA,"2026-09-27 11:20 UTC"
"13879","Kyle Allen","BUF","QB",16.4666666666667,9.89,112.85,5.9,0.793333333333333,0.433333333333333,100.8,1.33333333333333,2.66666666666667,1,0,0,NA,0,0,0,0,43,395,4,NA,NA,NA,NA,NA,NA,NA,"2026-09-27 11:20 UTC"
"13940","Johnny Mundt","PHI","TE",0,0,0,NA,0,0,NA,0,0,NA,0,0,NA,4,6.5,35.5,0.5,96,414,24,4.7,8.9,NA,NA,NA,NA,NA,"2026-09-27 11:20 UTC"
"14056","Kyler Murray","MIN","QB",474.5975,314.0425,3310.3525,193.7,22.9875,12.57,87.7,82.1125,487.2475,6.5,4.0475,3,NA,0,0,0,0,6,7,18,NA,NA,NA,NA,NA,NA,NA,"2026-09-27 11:20 UTC"
"14057","Drew Lock","SEA","QB",9.5,6.5,77.5,10.3,0.5,0,110.6,2,9,4.5,0,0,NA,0,0,0,0,56,414,28,NA,NA,NA,NA,NA,NA,NA,"2026-09-27 11:20 UTC"
"14059","Daniel Jones","IND","QB",482.155,317.7775,3556.4725,228.2,21.3775,10.95,95.7,53.0575,216.545,3.5,2.555,2,NA,0,0,0,0,23,27,14,NA,NA,NA,NA,NA,NA,NA,"2026-09-27 11:20 UTC"
"14063","Jarrett Stidham","DEN","QB",15.545,9.63,97.51,8.4,0.655,0.15,94.5,2,8,4,0,0,NA,0,0,0,0,52,404,10,NA,NA,NA,NA,NA,NA,NA,"2026-09-27 11:20 UTC"
"14067","Gardner Minshew","ARI","QB",15.635,10.3,99.615,8.7,0.68,0.11,99.5,1.5,6.5,4.3,0,0,NA,0,0,0,0,44,396,1,NA,NA,NA,NA,NA,NA,NA,"2026-09-27 11:20 UTC"
"14071","David Montgomery","HOU","RB",0,0,0,NA,0,0,NA,218.2125,889.015,3.5,8.17,1,NA,26.145,28.7933333333333,193.205,0.9475,18,60,13,13.1,7.8,NA,NA,NA,NA,NA,"2026-09-27 11:20 UTC"
"14073","Josh Jacobs","GB","RB",0,0,0,NA,0,0,NA,116.46,470.84,3.8,4.4,1,NA,14.5,18.6666666666667,115.5,0.75,98,362,12,14.4,8.3,NA,NA,NA,NA,NA,"2026-09-27 11:20 UTC"
"14080","Devin Singletary","NYG","RB",0,0,0,NA,0,0,NA,74.925,296.64,3.7,1.96,0,NA,12.89,17.16,93.16,0.8,52,202,21,3.9,7.3,NA,NA,NA,NA,NA,"2026-09-27 11:20 UTC"
"14083","Travis Homer","PIT","RB",0,0,0,NA,0,0,NA,17.88,74.58,NA,0.37,NA,NA,13.25,17.73,98.05,0.49,73,278,25,NA,NA,NA,NA,NA,NA,NA,"2026-09-27 11:20 UTC"
"14085","Tony Pollard","TEN","RB",0,0,0,NA,0,0,NA,200.88,879.0425,4.5,4.1975,2,NA,27.725,34.47,167.9075,0.47,30,110,31,10.5,5.5,NA,NA,NA,NA,NA,"2026-09-27 11:20 UTC"
"14086","Justice Hill","BAL","RB",0,0,0,NA,0,0,NA,52.3025,239.24,4.8,1.7825,0,NA,24.9425,30.5666666666667,210.495,1.0825,53,208,3,10.3,8.1,NA,NA,NA,NA,NA,"2026-09-27 11:20 UTC"
"14095","Ty Johnson","BUF","RB",0,0,0,NA,0,0,NA,34.415,145.2875,4.1,1.2025,0,NA,16.035,17.84,155.4025,1.1525,67,248,4,6.6,12.4,NA,NA,NA,NA,NA,"2026-09-27 11:20 UTC"
"14102","DK Metcalf","PIT","WR",0,0,0,NA,0,0,NA,0.333333333333333,2.33333333333333,7,0.333333333333333,0,NA,58.0575,100.493333333333,815.405,5.2025,37,107,25,51.5,14.1,NA,NA,NA,NA,NA,"2026-09-27 11:20 UTC"
"14104","A.J. Brown","NE","WR",0,0,0,NA,0,0,NA,0,0,0,0,0.2,11,73.7,85.6633333333333,1009.97,6.25833333333333,20,74,19,72.2,14.4,NA,NA,NA,NA,NA,"2026-09-27 11:20 UTC"
"14105","Hollywood Brown","PHI","WR",0,0,0,NA,0,0,NA,1.33333333333333,7.66666666666667,NA,0,NA,NA,11.52,16.59,134.693333333333,0.75,108,253,24,NA,NA,NA,NA,NA,NA,NA,"2026-09-27 11:20 UTC"
"14109","Terry McLaurin","WAS","WR",0,0,0,NA,0,0,NA,1.33333333333333,6.51333333333333,0,0.0533333333333333,0,NA,61.4875,103.02,890.4325,6.06,26,82,32,56.9,16.1,NA,NA,NA,NA,NA,"2026-09-27 11:20 UTC"
"14110","David Sills V","TB","WR",0,0,0,NA,0,0,NA,0,0,NA,0,NA,NA,0,0,0,0,155,414,30,NA,NA,NA,NA,NA,NA,NA,"2026-09-27 11:20 UTC"
"14118","Lil'Jordan Humphrey","DEN","WR",0,0,0,NA,0,0,NA,0,0,NA,0,NA,NA,12.06,20.58,143.02,0.96,121,292,10,NA,NA,NA,NA,NA,NA,NA,"2026-09-27 11:20 UTC"
"14122","Darius Slayton","IND","WR",NA,NA,NA,NA,NA,NA,NA,0.5,2.5,5,0,1,NA,27,51,397.5,2,NA,NA,NA,29.9,15.5,NA,NA,NA,NA,NA,"2026-09-27 11:20 UTC"
"14127","Jakobi Meyers","JAC","WR",0,0,0,NA,0,0,NA,4.29,20.86,3.2,0.0425,1,NA,61.0375,92.6,720.12,4.375,24,80,15,45.7,12.7,NA,NA,NA,NA,NA,"2026-09-27 11:20 UTC"
"14136","Deebo Samuel","SF","WR",0,0,0,NA,0,0,NA,19.9925,86.56,3.4,0.9875,0,NA,56.5175,85.8333333333333,642.8925,4.24,38,108,27,42.1,10,NA,NA,NA,NA,NA,"2026-09-27 11:20 UTC"
"14137","Noah Fant","NO","TE",0,0,0,NA,0,0,NA,0,0,NA,0,2,NA,26.895,36.8533333333333,257.2675,1.78,47,257,20,25.9,9.7,NA,NA,NA,NA,NA,"2026-09-27 11:20 UTC"
"14138","T.J. Hockenson","MIN","TE",0,0,0,NA,0,0,NA,0,0,NA,0,0,NA,55.6025,72.01,507.505,3.215,23,176,18,31.9,9.6,NA,NA,NA,NA,NA,"2026-09-27 11:20 UTC"
"14143","Dawson Knox","BUF","TE",0,0,0,NA,0,0,NA,0,0,NA,0,0,NA,24.225,33.69,268.9875,2.9625,40,238,4,20.9,10.5,NA,NA,NA,NA,NA,"2026-09-27 11:20 UTC"
"14146","Drew Sample","CIN","TE",0,0,0,NA,0,0,NA,0,0,NA,0,0,NA,14.34,18.5666666666667,115.043333333333,0.993333333333333,68,310,7,5.9,8,NA,NA,NA,NA,NA,"2026-09-27 11:20 UTC"
"14209","Josh Oliver","MIN","TE",0,0,0,NA,0,0,NA,0,0,NA,0,0,NA,19.68,27.7933333333333,203.6225,2.3425,46,256,18,17.2,12.3,NA,NA,NA,NA,NA,"2026-09-27 11:20 UTC"
"14239","Foster Moreau","HOU","TE",0,0,0,NA,0,0,NA,0,0,NA,0,0,NA,13.26,17.845,147.725,1.025,51,266,13,8.3,12.4,NA,NA,NA,NA,NA,"2026-09-27 11:20 UTC"
"14315","Ashton Dulin","IND","WR",0,0,0,NA,0,0,NA,4,20.32,NA,0.09,NA,NA,5.275,9.095,75.99,0.22,130,321,14,NA,NA,NA,NA,NA,NA,NA,"2026-09-27 11:20 UTC"
"14370","Tanner Hudson","CIN","TE",0,0,0,NA,0,0,NA,0,0,NA,0,NA,NA,15.53,22.19,153.84,1.23,52,270,7,NA,NA,NA,NA,NA,NA,NA,"2026-09-27 11:20 UTC"
"14420","Alec Ingold","LAC","RB",0,0,0,NA,0,0,NA,4.09,16.01,NA,0.15,NA,NA,7.4,10.01,56.54,0.31,93,339,34,NA,NA,NA,NA,NA,NA,NA,"2026-09-27 11:20 UTC"
"14592","Olamide Zaccheaus","ATL","WR",0,0,0,NA,0,0,NA,0,0,NA,0,NA,NA,25.41,39.82,296.656666666667,1.54,99,229,2,NA,NA,NA,NA,NA,NA,NA,"2026-09-27 11:20 UTC"
"14777","Joe Burrow","CIN","QB",558.595,375.36,3961.49166666667,249.8,31.6166666666667,10.4516666666667,98.1,45.6716666666667,172.408333333333,4.8,1.29,1.6,6,0,0,0,0,10,11,7,NA,NA,NA,NA,NA,NA,NA,"2026-09-27 11:20 UTC"
"14778","Tua Tagovailoa","ATL","QB",128.666666666667,84.6666666666667,888,8.6,4.66666666666667,2.33333333333333,105,7.33333333333333,20,4.5,0,0,NA,0,0,0,0,56,414,2,NA,NA,NA,NA,NA,NA,NA,"2026-09-27 11:20 UTC"
"14779","Justin Herbert","LAC","QB",489.6625,319.06,3511.76,206.9,21.09,10.86,87.7,72.92,388.4125,6.4,2.295,1,NA,0,0,0,0,14,16,34,NA,NA,NA,NA,NA,NA,NA,"2026-09-27 11:20 UTC"
"14782","Jordan Love","GB","QB",487.23,311.78,3705.3975,235.4,25.45,9.8125,99.3,38.6775,161.535,4,1.08,3,NA,0,0,0,0,13,15,12,NA,NA,NA,NA,NA,NA,NA,"2026-09-27 11:20 UTC"
"14783","Jalen Hurts","PHI","QB",474.54,309.105,3467.35,207.1,23.1983333333333,8.045,100.9,102.298333333333,439.435,4.4,7.59166666666667,3.66666666666667,10,0,0,0,0,7,8,24,NA,NA,NA,NA,NA,NA,NA,"2026-09-27 11:20 UTC"
"14789","Tyler Huntley","BAL","QB",7.5,5,62.5,8.3,0.5,0,114.6,2,12,6,0,0,NA,0,0,0,0,56,414,3,NA,NA,NA,NA,NA,NA,NA,"2026-09-27 11:20 UTC"
"14797","D'Andre Swift","CHI","RB",0,0,0,NA,0,0,NA,216.6675,960.8,4.4,7.0875,2,NA,32.4675,39.7966666666667,276.8925,1.08,20,70,6,21.5,9.8,NA,NA,NA,NA,NA,"2026-09-27 11:20 UTC"
"14800","J.K. Dobbins","DEN","RB",0,0,0,NA,0,0,NA,200.915,939.135,4.5,6.0025,1,NA,15.7475,20.51,91.7025,0.685,23,83,10,3.4,3.9,NA,NA,NA,NA,NA,"2026-09-27 11:20 UTC"
"14802","Jonathan Taylor","IND","RB",0,0,0,NA,0,0,NA,303.998333333333,1409.38,4.6,13.3216666666667,1.8,13,44.2383333333333,57.31,355.196666666667,1.52333333333333,3,18,14,22.3,8.2,NA,NA,NA,NA,NA,"2026-09-27 11:20 UTC"
"14805","AJ Dillon","CAR","RB",0,0,0,NA,0,0,NA,33.795,134.87,4,0.725,1,NA,7.085,9.03,57.79,0.175,81,302,5,2.9,8.6,NA,NA,NA,NA,NA,"2026-09-27 11:20 UTC"
"14815","DeeJay Dallas","MIN","RB",0,0,0,NA,0,0,NA,16.1,65.87,NA,0.47,NA,NA,2.97,3.72,18.38,0.13,95,344,18,NA,NA,NA,NA,NA,NA,NA,"2026-09-27 11:20 UTC"
"14823","Rico Dowdle","PIT","RB",0,0,0,NA,0,0,NA,156.5225,675.9375,4.2,4.3025,1,NA,24.1075,30.1066666666667,170.33,0.9,35,146,25,14.5,7.3,NA,NA,NA,NA,NA,"2026-09-27 11:20 UTC"
"14832","CeeDee Lamb","DAL","WR",0,0,0,NA,0,0,NA,5.39833333333333,24.145,3,0.136666666666667,0.2,14,95.4316666666667,139.01,1265.85333333333,8.15666666666667,3,30,9,81.3,13.9,NA,NA,NA,NA,NA,"2026-09-27 11:20 UTC"
"14833","Jerry Jeudy","CLE","WR",0,0,0,NA,0,0,NA,0.333333333333333,1,3,0,1,NA,41.7275,70.0166666666667,522.1575,2.2275,81,190,8,39.2,13.4,NA,NA,NA,NA,NA,"2026-09-27 11:20 UTC"
"14835","Tee Higgins","CIN","WR",0,0,0,NA,0,0,NA,0,0,0,0,0,NA,65.11,107.82,918.105,7.7175,22,77,7,66.5,14.9,NA,NA,NA,NA,NA,"2026-09-27 11:20 UTC"
"14836","Justin Jefferson","MIN","WR",0,0,0,NA,0,0,NA,0.833333333333333,3.56666666666667,3,0,0.2,6,94.2766666666667,136.363333333333,1210.12,7.16166666666667,16,67,18,77.5,14,NA,NA,NA,NA,NA,"2026-09-27 11:20 UTC"
"14842","Michael Pittman","PIT","WR",0,0,0,NA,0,0,NA,0,0,0,0,0,NA,69.6425,100.21,731.125,3.825,49,124,25,42.1,9.7,NA,NA,NA,NA,NA,"2026-09-27 11:20 UTC"
"14847","Devin Duvernay","ARI","WR",0,0,0,NA,0,0,NA,0,0,NA,0,NA,NA,1.57,5.13,15.375,0.075,153,381,1,NA,NA,NA,NA,NA,NA,NA,"2026-09-27 11:20 UTC"
"14860","Jauan Jennings","MIN","WR",0,0,0,NA,0,0,NA,0,0,0,0,1,NA,41.6525,67.4666666666667,473.5075,3.9375,66,155,18,34.1,12.2,NA,NA,NA,NA,NA,"2026-09-27 11:20 UTC"
"14861","Juwan Johnson","NO","TE",0,0,0,NA,0,0,NA,0,0,NA,0,1,NA,59.7725,83.33,702.2475,3.9875,10,103,20,54,13.3,NA,NA,NA,NA,NA,"2026-09-27 11:20 UTC"
"14867","Cole Kmet","CHI","TE",0,0,0,NA,0,0,NA,0,0,NA,0,0,NA,24.615,30.0166666666667,252.22,2.1375,42,243,6,13.1,10.9,NA,NA,NA,NA,NA,"2026-09-27 11:20 UTC"
"14870","Adam Trautman","DEN","TE",0,0,0,NA,0,0,NA,0,0,NA,0,0,NA,15.88,22.4866666666667,167.5875,0.9575,70,313,10,16.1,10.5,NA,NA,NA,NA,NA,"2026-09-27 11:20 UTC"
"14871","Colby Parkinson","LAR","TE",0,0,0,NA,0,0,NA,0,0,NA,0,0,NA,31.6275,45.7266666666667,313.06,3.2975,33,206,33,25.5,10.4,NA,NA,NA,NA,NA,"2026-09-27 11:20 UTC"
"14974","Darnell Mooney","NYG","WR",0,0,0,NA,0,0,NA,0.5,2.75,0,0,0,NA,28.9925,58.2566666666667,424.9325,1.9775,82,193,21,35.4,14.8,NA,NA,NA,NA,NA,"2026-09-27 11:20 UTC"
"14984","Charlie Woerner","ATL","TE",0,0,0,NA,0,0,NA,0,0,NA,0,0,NA,15.875,24.165,146.9,0.935,64,296,2,11.4,8.9,NA,NA,NA,NA,NA,"2026-09-27 11:20 UTC"
"15103","Reggie Gilliam","NE","RB",0,0,0,NA,0,0,NA,4.04,16.2,NA,0.15,NA,NA,7.94,10.1,56.2,0.33,91,336,19,NA,NA,NA,NA,NA,NA,NA,"2026-09-27 11:20 UTC"
"15237","Trevor Lawrence","JAC","QB",522.34,325.85,3805.52666666667,233.7,25.475,11.88,95.9,74.6966666666667,333.761666666667,4.4,4.71166666666667,2.93333333333333,7,0,0,0,0,5,6,15,NA,NA,NA,NA,NA,NA,NA,"2026-09-27 11:20 UTC"
"15238","Justin Fields","KC","QB",22.3666666666667,13.78,149.19,9.5,0.813333333333333,0.433333333333333,93.4,2.66666666666667,13.6666666666667,5.5,0,0,NA,0,0,0,0,38,388,16,NA,NA,NA,NA,NA,NA,NA,"2026-09-27 11:20 UTC"
"15240","Trey Lance","LAC","QB",10.14,6.01,66.55,NA,0.34,0.3,NA,0,0,NA,0,NA,NA,0,0,0,0,50,402,34,NA,NA,NA,NA,NA,NA,NA,"2026-09-27 11:20 UTC"
"15241","Mac Jones","SF","QB",17.4266666666667,11.98,129.74,9.9,0.783333333333333,0.433333333333333,87.1,2,7,4,0,0,NA,0,0,0,0,41,393,27,NA,NA,NA,NA,NA,NA,NA,"2026-09-27 11:20 UTC"
"15244","Feleipe Franks","CAR","TE",0,0,0,NA,0,0,NA,0,0,NA,0,NA,NA,0,0,0,0,96,414,5,NA,NA,NA,NA,NA,NA,NA,"2026-09-27 11:20 UTC"
"15252","Davis Mills","HOU","QB",21.11,13.04,145.506666666667,10,0.786666666666667,0.433333333333333,99.3,2,6.66666666666667,4,0,0,NA,0,0,0,0,49,401,13,NA,NA,NA,NA,NA,NA,NA,"2026-09-27 11:20 UTC"
"15253","Travis Etienne","NO","RB",0,0,0,NA,0,0,NA,186.495,781.84,4,4.5575,1,NA,39.28,50.2966666666667,285.92,2.3725,29,106,20,21.1,6.7,NA,NA,NA,NA,NA,"2026-09-27 11:20 UTC"
"15254","Najee Harris","NYG","RB",0,0,0,NA,0,0,NA,65.4825,268.005,4.4,1.475,0,NA,5.8825,6.69,45.485,0.0375,76,285,21,4,7.5,NA,NA,NA,NA,NA,"2026-09-27 11:20 UTC"
"15255","Kenneth Gainwell","TB","RB",0,0,0,NA,0,0,NA,100.815,432.9625,4.2,3.3125,1,NA,36.89,45.29,247.98,1.5525,39,156,30,22,6.9,NA,NA,NA,NA,NA,"2026-09-27 11:20 UTC"
"15256","Javonte Williams","DAL","RB",0,0,0,NA,0,0,NA,252.2225,1069.9,4.2,9.6375,1,NA,40.8175,57.82,244.715,2.005,7,37,9,14,5.4,NA,NA,NA,NA,NA,"2026-09-27 11:20 UTC"
"15259","Rhamondre Stevenson","NE","RB",0,0,0,NA,0,0,NA,165.985,708.6125,4.1,6.005,3,NA,34.9275,39.7933333333333,282.8775,1.4975,28,104,19,20.5,9.1,NA,NA,NA,NA,NA,"2026-09-27 11:20 UTC"
"15261","Chuba Hubbard","CAR","RB",0,0,0,NA,0,0,NA,195.045,815.14,4.3,5.935,2,NA,34.7725,43.7566666666667,232.945,2.3125,25,93,5,15.8,6.8,NA,NA,NA,NA,NA,"2026-09-27 11:20 UTC"
"15281","Ja'Marr Chase","CIN","WR",0,0,0,NA,0,0,NA,2.1,11.0666666666667,5.5,0,0.666666666666667,6,110.538333333333,147.626666666667,1346.46,10.36,7,47,7,82.7,11.8,NA,NA,NA,NA,NA,"2026-09-27 11:20 UTC"
"15282","DeVonta Smith","PHI","WR",0,0,0,NA,0,0,NA,0,0,0,0,0,NA,82.6875,117.996666666667,1062.6425,5.595,11,61,24,68.1,13.1,NA,NA,NA,NA,NA,"2026-09-27 11:20 UTC"
"15284","Jaylen Waddle","DEN","WR",0,0,0,NA,0,0,NA,1,7.25,9.5,0,0,NA,70.975,107.92,942.3125,4.975,23,79,10,62,14.1,NA,NA,NA,NA,NA,"2026-09-27 11:20 UTC"
"15285","Tylan Wallace","CLE","WR",0,0,0,NA,0,0,NA,0,0,NA,0,NA,NA,5.71,9.46,66.43,0.3,141,355,8,NA,NA,NA,NA,NA,NA,NA,"2026-09-27 11:20 UTC"
"15287","Amon-Ra St. Brown","DET","WR",0,0,0,NA,0,0,NA,4.075,17.8383333333333,4,0.085,0.266666666666667,6,116.29,157.44,1366.41166666667,10.585,2,29,11,86.2,11.8,NA,NA,NA,NA,NA,"2026-09-27 11:20 UTC"
"15288","Elijah Moore","PHI","WR",0,0,0,NA,0,0,NA,0,0,NA,0,NA,NA,0,0,0,0,155,414,24,NA,NA,NA,NA,NA,NA,NA,"2026-09-27 11:20 UTC"
"15290","Nico Collins","HOU","WR",0,0,0,NA,0,0,NA,1.25,7.75,7,0.25,0,NA,75.175,113.793333333333,1048.7825,6.15,19,72,13,72.9,14.8,NA,NA,NA,NA,NA,"2026-09-27 11:20 UTC"
"15292","Dyami Brown","WAS","WR",0,0,0,NA,0,0,NA,0,0,NA,0,NA,NA,27.5733333333333,45.2,350.223333333333,2.24333333333333,100,234,32,NA,NA,NA,NA,NA,NA,NA,"2026-09-27 11:20 UTC"
"15293","Rashod Bateman","BAL","WR",0,0,0,NA,0,0,NA,0,0,0,0,0,NA,40.0725,65.22,575.605,4.9675,39,109,3,30.7,14.9,NA,NA,NA,NA,NA,"2026-09-27 11:20 UTC"
"15301","Tutu Atwell","LAR","WR",0,0,0,NA,0,0,NA,0,0,NA,0,NA,NA,0.5,1,9.5,0,155,414,33,NA,NA,NA,NA,NA,NA,NA,"2026-09-27 11:20 UTC"
"15303","Simi Fehoko","ARI","WR",0,0,0,NA,0,0,NA,0,0,NA,0,NA,NA,0,0,0,0,155,414,1,NA,NA,NA,NA,NA,NA,NA,"2026-09-27 11:20 UTC"
"15319","Josh Palmer","BUF","WR",0,0,0,NA,0,0,NA,0,0,0,0,0,NA,19.62,35.41,286.4675,1.9175,96,223,4,29.2,16.2,NA,NA,NA,NA,NA,"2026-09-27 11:20 UTC"
"15329","Kyle Pitts","ATL","TE",0,0,0,NA,0,0,NA,0,0,NA,0,0,NA,60.22,83.7866666666667,674.245,3.59,19,145,2,39.6,11.1,NA,NA,NA,NA,NA,"2026-09-27 11:20 UTC"
"15331","Pat Freiermuth","PIT","TE",0,0,0,NA,0,0,NA,0,0,NA,0,0,NA,48.9,63.3366666666667,493.515,4.195,27,187,25,33.5,10.9,NA,NA,NA,NA,NA,"2026-09-27 11:20 UTC"
"15332","Tommy Tremble","CAR","TE",0,0,0,NA,0,0,NA,0,0,NA,0,0,NA,28.7725,44.38,260.895,2.0225,29,192,5,11.4,8.6,NA,NA,NA,NA,NA,"2026-09-27 11:20 UTC"
"15334","Hunter Long","ARI","TE",0,0,0,NA,0,0,NA,0,0,NA,0,0,NA,5,7.5,39.5,0.5,96,414,1,5.3,7.9,NA,NA,NA,NA,NA,"2026-09-27 11:20 UTC"
"15335","Luke Farrell","SF","TE",0,0,0,NA,0,0,NA,0,0,NA,0,NA,NA,18.87,26.02,177.08,1.31,45,255,27,NA,NA,NA,NA,NA,NA,NA,"2026-09-27 11:20 UTC"
"15337","Noah Gray","KC","TE",0,0,0,NA,0,0,NA,0,0,NA,0,0,NA,16.535,21.7466666666667,166.905,1.2775,58,280,16,8.5,9.1,NA,NA,NA,NA,NA,"2026-09-27 11:20 UTC"
"15341","Quintin Morris","JAC","TE",0,0,0,NA,0,0,NA,0,0,NA,0,NA,NA,18.88,28.3,180.51,1.42,44,251,15,NA,NA,NA,NA,NA,NA,NA,"2026-09-27 11:20 UTC"
"15344","John Bates","WAS","TE",0,0,0,NA,0,0,NA,0,0,NA,0,0,NA,12.765,19.545,117.685,0.725,82,352,32,11.7,9.3,NA,NA,NA,NA,NA,"2026-09-27 11:20 UTC"
"15414","Kene Nwangwu","NYJ","RB",0,0,0,NA,0,0,NA,3.91,15.81,NA,0.11,NA,NA,0,0,0,0,109,412,22,NA,NA,NA,NA,NA,NA,NA,"2026-09-27 11:20 UTC"
"15419","Kylen Granson","TEN","TE",0,0,0,NA,0,0,NA,0,0,NA,0,NA,NA,6.18,9.54,61.41,0.32,85,359,31,NA,NA,NA,NA,NA,NA,NA,"2026-09-27 11:20 UTC"
"15491","Ben Skowronek","PIT","WR",0,0,0,NA,0,0,NA,0,0,NA,0,NA,NA,5.76,9.67,63.09,0.35,142,356,25,NA,NA,NA,NA,NA,NA,NA,"2026-09-27 11:20 UTC"
"15620","Chris Myarick","LV","TE",NA,NA,NA,NA,NA,NA,NA,NA,NA,NA,NA,0,NA,9,12,79,1,NA,NA,NA,5.3,8.8,NA,NA,NA,NA,NA,"2026-09-27 11:20 UTC"
"15626","Brock Wright","DET","TE",0,0,0,NA,0,0,NA,0,0,NA,0,0,NA,17.925,26.305,157.085,1.445,71,314,11,14.4,8.6,NA,NA,NA,NA,NA,"2026-09-27 11:20 UTC"
"15692","Kenny Pickett","CAR","QB",18.12,11.52,126.64,8.5,0.766666666666667,0.433333333333333,100.3,2.33333333333333,8.33333333333333,4.8,0,0,NA,0,0,0,0,55,407,5,NA,NA,NA,NA,NA,NA,NA,"2026-09-27 11:20 UTC"
"15693","Sam Howell","DAL","QB",11,6.5,70.5,9.4,0.5,0,93.2,2,5,2.5,0,0,NA,0,0,0,0,56,414,9,NA,NA,NA,NA,NA,NA,NA,"2026-09-27 11:20 UTC"
"15694","Malik Willis","MIA","QB",453.0675,290.3475,3252.045,176.9,15.77,10.91,86,109.035,539.0125,4.8,3.575,4,NA,0,0,0,0,21,25,17,NA,NA,NA,NA,NA,NA,NA,"2026-09-27 11:20 UTC"
"15698","Brock Purdy","SF","QB",522.73,356.273333333333,4007.99,244.8,27.2783333333333,13.1316666666667,99.2,67.2616666666667,300.403333333333,4.8,3.56,3.86666666666667,8,0,0,0,0,4,5,27,NA,NA,NA,NA,NA,NA,NA,"2026-09-27 11:20 UTC"
"15708","Breece Hall","NYJ","RB",0,0,0,NA,0,0,NA,232.3575,1013.945,4.3,5.71,2,NA,44.6,54.4466666666667,387.69,1.9875,13,51,22,25.7,10.1,NA,NA,NA,NA,NA,"2026-09-27 11:20 UTC"
"15710","Kyren Williams","LAR","RB",0,0,0,NA,0,0,NA,204.35,950.0425,4.7,8.6825,2,NA,32.89,42.4566666666667,225.1625,2.2775,17,58,33,14.4,7.2,NA,NA,NA,NA,NA,"2026-09-27 11:20 UTC"
"15711","Kenneth Walker III","KC","RB",0,0,0,NA,0,0,NA,262.361666666667,1172.72333333333,4.7,8.36333333333333,0.933333333333333,5,46.6716666666667,66.2233333333333,365.655,2.03666666666667,11,48,16,29.4,8,NA,NA,NA,NA,NA,"2026-09-27 11:20 UTC"
"15712","Tyler Allgeier","ARI","RB",0,0,0,NA,0,0,NA,117.0025,459.94,3.4,3.5175,1,NA,20.495,25.9366666666667,140.4,0.465,36,148,1,6.6,5.5,NA,NA,NA,NA,NA,"2026-09-27 11:20 UTC"
"15715","James Cook III","BUF","RB",0,0,0,NA,0,0,NA,281.105,1361.23166666667,4.8,9.88,2.26666666666667,7,29.4633333333333,36.3566666666667,243.321666666667,1.63,8,41,4,14.3,7.6,NA,NA,NA,NA,NA,"2026-09-27 11:20 UTC"
"15716","Brian Robinson Jr.","ATL","RB",0,0,0,NA,0,0,NA,113.26,481.6725,4.3,3.595,1,NA,8.13,10.0566666666667,56.85,0.075,44,178,2,1.7,6,NA,NA,NA,NA,NA,"2026-09-27 11:20 UTC"
"15718","Tyler Badie","DEN","RB",0,0,0,NA,0,0,NA,2.385,10.71,NA,0.075,NA,NA,15.18,21.095,99.765,0.62,65,239,10,NA,NA,NA,NA,NA,NA,NA,"2026-09-27 11:20 UTC"
"15721","Rachaad White","WAS","RB",0,0,0,NA,0,0,NA,107.0125,455.51,4.7,3.315,1,NA,32.225,33.7433333333333,223.6025,1.4775,47,181,32,10.8,6.8,NA,NA,NA,NA,NA,"2026-09-27 11:20 UTC"
"15726","Ronnie Rivers","LA","RB",0,0,0,NA,0,0,NA,8,32.28,NA,0.15,NA,NA,0,0,0,0,104,389,33,NA,NA,NA,NA,NA,NA,NA,"2026-09-27 11:20 UTC"
"15727","Zonovan Knight","ARI","RB",0,0,0,NA,0,0,NA,24.31,91.685,3.6,0.795,0,NA,2.55,3.675,19.855,0.075,85,326,1,1.2,9,NA,NA,NA,NA,NA,"2026-09-27 11:20 UTC"
"15738","Malik Davis","DAL","RB",NA,NA,NA,NA,NA,NA,NA,69,317,NA,2,NA,NA,10,NA,78,0,NA,NA,NA,NA,NA,NA,NA,NA,NA,NA,"2026-09-27 11:20 UTC"
"15742","Jaylen Warren","PIT","RB",0,0,0,NA,0,0,NA,188.3525,843.98,4.3,4.6375,2,NA,43.555,56.1766666666667,331.8275,1.79,12,50,25,19.5,7.9,NA,NA,NA,NA,NA,"2026-09-27 11:20 UTC"
"15749","Isiah Pacheco","DET","RB",0,0,0,NA,0,0,NA,42.5,169.5,NA,0.5,NA,NA,6,0,41,0,110,414,11,NA,NA,NA,NA,NA,NA,NA,"2026-09-27 11:20 UTC"
"15751","Drake London","ATL","WR",0,0,0,NA,0,0,NA,1.16666666666667,4.16666666666667,1.7,0,0.666666666666667,11,89.2316666666667,129.36,1201.495,7.06833333333333,12,62,2,84.5,15,NA,NA,NA,NA,NA,"2026-09-27 11:20 UTC"
"15752","Treylon Burks","WAS","WR",0,0,0,NA,0,0,NA,0,0,NA,0,NA,NA,6.23333333333333,5.025,79.3066666666667,0.396666666666667,150,378,32,NA,NA,NA,NA,NA,NA,NA,"2026-09-27 11:20 UTC"
"15753","Garrett Wilson","NYJ","WR",0,0,0,NA,0,0,NA,1.7275,7.4875,2,0.0375,1,NA,86.8425,124.896666666667,998.45,6.2225,14,64,22,57.3,11.6,NA,NA,NA,NA,NA,"2026-09-27 11:20 UTC"
"15754","Chris Olave","NO","WR",0,0,0,NA,0,0,NA,1.588,6.024,0,0.03,0.2,8,94.1566666666667,137.376666666667,1182.09333333333,7.57166666666667,8,53,20,90.6,13.7,NA,NA,NA,NA,NA,"2026-09-27 11:20 UTC"
"15755","Jahan Dotson","ATL","WR",0,0,0,NA,0,0,NA,0,0,NA,0,NA,NA,31.5766666666667,67.565,404.253333333333,2.29333333333333,75,170,2,NA,NA,NA,NA,NA,NA,NA,"2026-09-27 11:20 UTC"
"15756","Jameson Williams","DET","WR",0,0,0,NA,0,0,NA,9.1275,47.4875,5.3,0.3975,0,NA,56.705,89.2266666666667,905.995,5.485,27,84,11,60.5,16.5,NA,NA,NA,NA,NA,"2026-09-27 11:20 UTC"
"15757","Wan'Dale Robinson","TEN","WR",0,0,0,NA,0,0,NA,2.4725,11.01,2.5,0.0375,0,NA,67.0825,95.4333333333333,663.1375,2.7675,50,125,31,43.9,9.1,NA,NA,NA,NA,NA,"2026-09-27 11:20 UTC"
"15759","John Metchie III","CAR","WR",0,0,0,NA,0,0,NA,4.31,19.61,NA,0.16,NA,NA,12.23,20.12,121.77,0.81,122,293,5,NA,NA,NA,NA,NA,NA,NA,"2026-09-27 11:20 UTC"
"15761","Khalil Shakir","BUF","WR",0,0,0,NA,0,0,NA,0.75,3.75,4,0,0,NA,63.19,82,664.3375,4.055,47,121,4,38,9.8,NA,NA,NA,NA,NA,"2026-09-27 11:20 UTC"
"15762","George Pickens","DAL","WR",0,0,0,NA,0,0,NA,0,0,0,0,0,NA,76.5,119.906666666667,1074.3375,6.6425,10,59,9,75.5,13.8,NA,NA,NA,NA,NA,"2026-09-27 11:20 UTC"
"15765","Kevin Austin Jr.","NO","WR",0,0,0,NA,0,0,NA,0,0,NA,0,NA,NA,2.98,5.11,36.95,0.23,147,373,20,NA,NA,NA,NA,NA,NA,NA,"2026-09-27 11:20 UTC"
"15766","Skyy Moore","GB","WR",0,0,0,NA,0,0,NA,7.92,36.93,NA,0.3,NA,NA,8.82,14.99,99.22,0.64,124,303,12,NA,NA,NA,NA,NA,NA,NA,"2026-09-27 11:20 UTC"
"15767","Velus Jones","SEA","RB",0,0,0,NA,0,0,NA,4.2,17.55,NA,0.14,NA,NA,0.45,0.65,3.39,0.03,106,409,28,NA,NA,NA,NA,NA,NA,NA,"2026-09-27 11:20 UTC"
"15768","Alec Pierce","IND","WR",0,0,0,NA,0,0,NA,0,0,0,0,0,NA,43.3025,66.39,742.575,4.02,43,115,14,60.4,20.1,NA,NA,NA,NA,NA,"2026-09-27 11:20 UTC"
"15771","Tay Martin","DET","WR",NA,NA,NA,NA,NA,NA,NA,NA,NA,NA,NA,NA,NA,NA,NA,NA,NA,NA,NA,NA,NA,NA,NA,NA,NA,NA,NA,"2026-09-27 11:20 UTC"
"15779","Romeo Doubs","NE","WR",0,0,0,NA,0,0,NA,0,0,0,0,0,NA,51.8225,77.0666666666667,712.0275,4.84,36,105,19,46.2,15.1,NA,NA,NA,NA,NA,"2026-09-27 11:20 UTC"
"15785","Bo Melton","GB","WR",NA,NA,NA,NA,NA,NA,NA,NA,NA,NA,NA,NA,NA,4,8,55,0,NA,NA,NA,NA,NA,NA,NA,NA,NA,NA,"2026-09-27 11:20 UTC"
"15786","Jalen Nailor","LV","WR",0,0,0,NA,0,0,NA,1,3.75,2.5,0,0,NA,33.2125,58.7133333333333,433.1325,2.6675,83,195,35,21.3,11.9,NA,NA,NA,NA,NA,"2026-09-27 11:20 UTC"
"15787","Tyquan Thornton","KC","WR",0,0,0,NA,0,0,NA,0,0,0,0,0,NA,23.16,41.3533333333333,396.015,2.43,98,228,16,39,21.7,NA,NA,NA,NA,NA,"2026-09-27 11:20 UTC"
"15788","Jalen Tolbert","MIA","WR",0,0,0,NA,0,0,NA,0,0,NA,0,NA,NA,12.5733333333333,3.33,165.786666666667,0.383333333333333,149,377,17,NA,NA,NA,NA,NA,NA,NA,"2026-09-27 11:20 UTC"
"15789","Christian Watson","GB","WR",0,0,0,NA,0,0,NA,2.98,13.7925,4,0.0775,0,NA,58.655,99.35,939.6625,7.6375,28,86,12,68.6,16.9,NA,NA,NA,NA,NA,"2026-09-27 11:20 UTC"
"15794","Trey McBride","ARI","TE",0,0,0,NA,0,0,NA,0,0,NA,0,0.133333333333333,14,107.945,147.93,1043.12166666667,7.00833333333333,1,56,1,66.5,9.3,NA,NA,NA,NA,NA,"2026-09-27 11:20 UTC"
"15795","Charlie Kolar","LAC","TE",0,0,0,NA,0,0,NA,0,0,NA,0,0,NA,18.1325,21.3266666666667,184.555,1.1825,69,311,34,15.1,10.6,NA,NA,NA,NA,NA,"2026-09-27 11:20 UTC"
"15796","Jeremy Ruckert","NYJ","TE",0,0,0,NA,0,0,NA,0,0,NA,0,0,NA,17.22,22.54,136.775,0.805,74,320,22,11.7,7.6,NA,NA,NA,NA,NA,"2026-09-27 11:20 UTC"
"15797","Greg Dulcich","MIA","TE",0,0,0,NA,0,0,NA,0,0,NA,0,1,NA,46.1625,62.3766666666667,513.9925,2.6325,21,164,17,31.2,10.2,NA,NA,NA,NA,NA,"2026-09-27 11:20 UTC"
"15798","Isaiah Likely","NYG","TE",0,0,0,NA,0,0,NA,0,0,NA,0,1,NA,65.9475,101.426666666667,725.235,5.17,9,100,21,44.7,9.6,NA,NA,NA,NA,NA,"2026-09-27 11:20 UTC"
"15799","Jake Ferguson","DAL","TE",0,0,0,NA,0,0,NA,0,0,NA,0,2,NA,60.11,74.6633333333333,489.4125,5.64,20,160,9,32.1,8.2,NA,NA,NA,NA,NA,"2026-09-27 11:20 UTC"
"15802","Cade Otton","TB","TE",0,0,0,NA,0,0,NA,0,0,NA,0,0,NA,51.2725,71.5,501.73,3.025,26,186,30,39.8,10,NA,NA,NA,NA,NA,"2026-09-27 11:20 UTC"
"15804","Grant Calcaterra","PHI","TE",0,0,0,NA,0,0,NA,0,0,NA,0,NA,NA,0,0,0,0,96,414,24,NA,NA,NA,NA,NA,NA,NA,"2026-09-27 11:20 UTC"
"15873","Daniel Bellinger","TEN","TE",0,0,0,NA,0,0,NA,0,0,NA,0,0,NA,18.34,26.44,210.135,1.475,55,273,31,17.2,12.9,NA,NA,NA,NA,NA,"2026-09-27 11:20 UTC"
"15889","Chigoziem Okonkwo","WAS","TE",0,0,0,NA,0,0,NA,0,0,NA,0,0,NA,45.0975,60.19,455.565,2.6875,30,197,32,35.9,11.4,NA,NA,NA,NA,NA,"2026-09-27 11:20 UTC"
"15909","James Mitchell","CAR","TE",0,0,0,NA,0,0,NA,0,0,NA,0,NA,NA,0,0,0,0,96,414,5,NA,NA,NA,NA,NA,NA,NA,"2026-09-27 11:20 UTC"
"15916","Andrew Ogletree","IND","TE",0,0,0,NA,0,0,NA,0,0,NA,0,NA,NA,12.84,18.7,139.97,0.82,63,295,14,NA,NA,NA,NA,NA,NA,NA,"2026-09-27 11:20 UTC"
"15925","John FitzPatrick","GB","TE",0,0,0,NA,0,0,NA,0,0,NA,0,NA,NA,24.15,34.97,208.7,1.83,41,240,12,NA,NA,NA,NA,NA,NA,NA,"2026-09-27 11:20 UTC"
"15941","Dareke Young","LV","WR",0,0,0,NA,0,0,NA,0,0,NA,0,NA,NA,2.06,5,25.01,0.15,154,385,35,NA,NA,NA,NA,NA,NA,NA,"2026-09-27 11:20 UTC"
"15965","Julius Chestnut","TEN","RB",0,0,0,NA,0,0,NA,3.89,15.67,NA,0.11,NA,NA,3.42,4.77,21.7,0.15,100,366,31,NA,NA,NA,NA,NA,NA,NA,"2026-09-27 11:20 UTC"
"15972","Jordan Mason","MIN","RB",0,0,0,NA,0,0,NA,143.6025,662.815,4.9,4.5625,1,NA,12.855,16.0666666666667,74.235,0.165,43,175,18,4.2,4.6,NA,NA,NA,NA,NA,"2026-09-27 11:20 UTC"
"15981","KaVontae Turpin","DAL","WR",0,0,0,NA,0,0,NA,15.73,86.0166666666667,NA,0.2,NA,NA,12.0266666666667,12.44,173.063333333333,1.23666666666667,114,274,9,NA,NA,NA,NA,NA,NA,NA,"2026-09-27 11:20 UTC"
"16036","Jake Tonges","SF","TE",NA,NA,NA,NA,NA,NA,NA,NA,NA,NA,NA,NA,NA,NA,NA,NA,NA,NA,NA,NA,NA,NA,NA,NA,NA,NA,NA,"2026-09-27 11:20 UTC"
"16080","Rashid Shaheed","SEA","WR",0,0,0,NA,0,0,NA,11.9575,67.575,6.4,0.145,1,NA,44.0325,73.4866666666667,635.775,3.5725,60,144,28,38.9,14.6,NA,NA,NA,NA,NA,"2026-09-27 11:20 UTC"
"16113","Stone Smartt","PHI","TE",0,0,0,NA,0,0,NA,0,0,NA,0,NA,NA,0,0,0,0,96,414,24,NA,NA,NA,NA,NA,NA,NA,"2026-09-27 11:20 UTC"
"16148","Bryce Young","CAR","QB",505.255,322.62,3410.465,212.7,23.1625,10.9725,92.3,50.74,233.8025,4.5,2.905,1,NA,0,0,0,0,20,24,5,NA,NA,NA,NA,NA,NA,NA,"2026-09-27 11:20 UTC"
"16150","C.J. Stroud","HOU","QB",515.425,327.965,3672.825,244.7,21.2275,9.5175,90.6,45.155,209.165,5.2,1.125,5,NA,0,0,0,0,24,33,13,NA,NA,NA,NA,NA,NA,NA,"2026-09-27 11:20 UTC"
"16152","Anthony Richardson","IND","QB",14.535,9.215,107.06,9.6,0.7,0.15,108.2,2,9,4.5,0,0,NA,0,0,0,0,39,390,14,NA,NA,NA,NA,NA,NA,NA,"2026-09-27 11:20 UTC"
"16153","Stetson Bennett","LAR","QB",19,12,133,8.9,1,0,101.4,3,19,6.3,0,0,NA,NA,NA,NA,NA,NA,NA,NA,NA,NA,NA,NA,NA,NA,NA,"2026-09-27 11:20 UTC"
"16156","Jake Haener","NYG","QB",18,10,111,7.4,1,1,69.4,4,17,4.3,0,0,NA,NA,NA,NA,NA,NA,NA,NA,NA,NA,NA,NA,NA,NA,NA,"2026-09-27 11:20 UTC"
"16161","Bijan Robinson","ATL","RB",0,0,0,NA,0,0,NA,270.746666666667,1306.57166666667,4.9,8.27666666666667,1.53333333333333,11,70.5516666666667,85.48,644.551666666667,3.3,2,13,2,41.1,9.6,NA,NA,NA,NA,NA,"2026-09-27 11:20 UTC"
"16162","Jahmyr Gibbs","DET","RB",0,0,0,NA,0,0,NA,285.276666666667,1448.93833333333,5,13.6866666666667,1.73333333333333,6,66.465,79.6833333333333,540.493333333333,3.91666666666667,1,3,11,40.5,8.9,NA,NA,NA,NA,NA,"2026-09-27 11:20 UTC"
"16164","Tank Bigsby","PHI","RB",0,0,0,NA,0,0,NA,80.535,362.5325,4.9,3.3925,0,NA,5.5525,7.51666666666667,38.0275,0.1,55,211,24,2,6,NA,NA,NA,NA,NA,"2026-09-27 11:20 UTC"
"16165","Tyjae Spears","TEN","RB",0,0,0,NA,0,0,NA,92.53,387.2375,4.1,2.58,0,NA,37.025,45.2133333333333,262.8425,0.6825,41,159,31,20.5,7.1,NA,NA,NA,NA,NA,"2026-09-27 11:20 UTC"
"16166","Sean Tucker","TB","RB",0,0,0,NA,0,0,NA,35.03,140.625,4.2,1.5075,0,NA,4.58,3.06,32.1966666666667,0.05,77,286,30,0.3,5,NA,NA,NA,NA,NA,"2026-09-27 11:20 UTC"
"16167","De'Von Achane","MIA","RB",0,0,0,NA,0,0,NA,228.036666666667,1131.97333333333,4.6,5.715,1,6,63.83,81.58,489.26,3.39,6,35,17,28.7,7,NA,NA,NA,NA,NA,"2026-09-27 11:20 UTC"
"16168","Israel Abanikanda","DAL","RB",0,0,0,NA,0,0,NA,0,0,NA,0,NA,NA,0,0,0,0,110,414,9,NA,NA,NA,NA,NA,NA,NA,"2026-09-27 11:20 UTC"
"16169","Zach Charbonnet","SEA","RB",0,0,0,NA,0,0,NA,120.9275,507.8375,4.1,4.695,1,NA,17.425,21.47,129.055,0.645,42,169,28,10.4,7.9,NA,NA,NA,NA,NA,"2026-09-27 11:20 UTC"
"16171","Kendre Miller","NO","RB",0,0,0,NA,0,0,NA,64.4166666666667,255.423333333333,3.8,2.06666666666667,0,NA,4.54,5.615,30.2666666666667,0.1,48,182,20,0.3,5,NA,NA,NA,NA,NA,"2026-09-27 11:20 UTC"
"16174","Chris Rodriguez Jr.","JAC","RB",0,0,0,NA,0,0,NA,111.795,471.015,3.9,4.3275,1,NA,3.75,2.33333333333333,29.5,0,56,215,15,1,15,NA,NA,NA,NA,NA,"2026-09-27 11:20 UTC"
"16175","Roschon Johnson","CHI","RB",0,0,0,NA,0,0,NA,16.3833333333333,57.52,2.9,0.383333333333333,0,NA,1.33333333333333,1.5,8.66666666666667,0,107,410,6,0.9,7,NA,NA,NA,NA,NA,"2026-09-27 11:20 UTC"
"16178","Keaton Mitchell","LAC","RB",0,0,0,NA,0,0,NA,66.8375,305.85,4.4,2.005,1,NA,14.075,16.3266666666667,108.22,0.615,58,218,34,4.3,8,NA,NA,NA,NA,NA,"2026-09-27 11:20 UTC"
"16181","Chase Brown","CIN","RB",0,0,0,NA,0,0,NA,243.746666666667,1054.30833333333,4.2,7.70333333333333,1.06666666666667,6,62.7683333333333,81.42,411.85,3.68333333333333,4,23,7,25.8,5.9,NA,NA,NA,NA,NA,"2026-09-27 11:20 UTC"
"16184","Jayden Reed","GB","WR",0,0,0,NA,0,0,NA,8.98,60.035,8.6,0.0775,0,NA,53.405,72.8,635.0525,4.04,29,88,12,32.7,10.4,NA,NA,NA,NA,NA,"2026-09-27 11:20 UTC"
"16185","Jaxon Smith-Njigba","SEA","WR",0,0,0,NA,0,0,NA,5.935,31.12,5.6,0.0816666666666667,0.733333333333333,11,104.936666666667,143.926666666667,1505.25166666667,9.46833333333333,4,31,28,100.9,15,NA,NA,NA,NA,NA,"2026-09-27 11:20 UTC"
"16186","Jordan Addison","MIN","WR",0,0,0,NA,0,0,NA,2.91,28.005,29.5,0.2975,0,NA,51.2225,84.6966666666667,678.5775,4.845,45,117,18,38.4,14.4,NA,NA,NA,NA,NA,"2026-09-27 11:20 UTC"
"16187","Josh Downs","IND","WR",0,0,0,NA,0,0,NA,1,2.75,0.5,0,1,NA,65.3825,95.1433333333333,711.5575,3.8475,41,112,14,47.7,11,NA,NA,NA,NA,NA,"2026-09-27 11:20 UTC"
"16188","Quentin Johnston","LAC","WR",0,0,0,NA,0,0,NA,1.75,9.25,6,0,1,NA,49.2375,87.6566666666667,671.4975,4.735,52,130,34,36.3,12.4,NA,NA,NA,NA,NA,"2026-09-27 11:20 UTC"
"16189","Marvin Mims Jr.","DEN","WR",0,0,0,NA,0,0,NA,3.5,17.5,NA,0,NA,NA,7,10,84,0.5,155,414,10,NA,NA,NA,NA,NA,NA,NA,"2026-09-27 11:20 UTC"
"16190","Zay Flowers","BAL","WR",0,0,0,NA,0,0,NA,8.56,47.5675,6.3,0.3275,2,NA,76.175,109.726666666667,1147.2075,6.3825,6,46,3,75.6,16,NA,NA,NA,NA,NA,"2026-09-27 11:20 UTC"
"16192","Parker Washington","JAC","WR",0,0,0,NA,0,0,NA,7.4375,28.34,0.2,0.1625,0,NA,73.3525,125.046666666667,1011.6025,6.51,9,57,15,74.5,15.3,NA,NA,NA,NA,NA,"2026-09-27 11:20 UTC"
"16193","Kayshon Boutte","HOU","WR",0,0,0,NA,0,0,NA,0,0,0,0,0,NA,35.215,59.0866666666667,489.725,2.905,71,165,13,33.1,15,NA,NA,NA,NA,NA,"2026-09-27 11:20 UTC"
"16194","Rashee Rice","KC","WR",0,0,0,NA,0,0,NA,3.1,13,3.3,0.366666666666667,0.4,5,88.3433333333333,115.083333333333,1018.76333333333,7.85833333333333,5,44,16,54,11.1,NA,NA,NA,NA,NA,"2026-09-27 11:20 UTC"
"16195","Dontayvion Wicks","PHI","WR",0,0,0,NA,0,0,NA,0.333333333333333,1.33333333333333,4,0,0,NA,41.8275,73.0333333333333,549.2775,3.37,64,151,24,33.9,13.4,NA,NA,NA,NA,NA,"2026-09-27 11:20 UTC"
"16197","Jonathan Mingo","DAL","WR",0,0,0,NA,0,0,NA,0,0,NA,0,NA,NA,2.97,5.5,32.35,0.27,148,374,9,NA,NA,NA,NA,NA,NA,NA,"2026-09-27 11:20 UTC"
"16199","Trey Palmer","NO","WR",0,0,0,NA,0,0,NA,0,0,NA,0,NA,NA,0,0,0,0,155,414,20,NA,NA,NA,NA,NA,NA,NA,"2026-09-27 11:20 UTC"
"16201","Xavier Hutchinson","HOU","WR",0,0,0,NA,0,0,NA,0.75,5.5,11,0,0,NA,34.2175,68.9433333333333,424.37,2.7625,93,213,13,32.5,11.9,NA,NA,NA,NA,NA,"2026-09-27 11:20 UTC"
"16204","Tank Dell","HOU","WR",0,0,0,NA,0,0,NA,3,13.3333333333333,4.4,0,0,NA,17.6666666666667,31.5,220.666666666667,1.33333333333333,155,414,13,39.4,12.8,NA,NA,NA,NA,NA,"2026-09-27 11:20 UTC"
"16206","Michael Wilson","ARI","WR",0,0,0,NA,0,0,NA,0,0.333333333333333,0,0,0,NA,63.1775,102.89,777.88,3.935,42,114,1,49.5,12.2,NA,NA,NA,NA,NA,"2026-09-27 11:20 UTC"
"16207","Andrei Iosivas","CIN","WR",0,0,0,NA,0,0,NA,5.62333333333333,26.5866666666667,NA,0.19,NA,NA,22.1166666666667,35.205,266.666666666667,2.18333333333333,87,200,7,NA,NA,NA,NA,NA,NA,NA,"2026-09-27 11:20 UTC"
"16210","Justin Shorter","LV","TE",0,0,0,NA,0,0,NA,0,0,NA,0,NA,NA,0,0,0,0,96,414,35,NA,NA,NA,NA,NA,NA,NA,"2026-09-27 11:20 UTC"
"16211","Puka Nacua","LAR","WR",0,0,0,NA,0,0,NA,11.2266666666667,68.9883333333333,6.1,0.92,1,11,110.816666666667,147.043333333333,1470.93166666667,8.31833333333333,1,28,33,96.4,13.5,NA,NA,NA,NA,NA,"2026-09-27 11:20 UTC"
"16212","Michael Mayer","LV","TE",0,0,0,NA,0,0,NA,0,0,NA,0,0,NA,37.935,57.37,342.8325,2.2025,39,232,35,21.7,7.6,NA,NA,NA,NA,NA,"2026-09-27 11:20 UTC"
"16213","Dalton Kincaid","BUF","TE",0,0,0,NA,0,0,NA,0,0,NA,0,0,NA,66.03,95.9533333333333,838.57,5.2775,2,65,4,60.1,14.8,NA,NA,NA,NA,NA,"2026-09-27 11:20 UTC"
"16214","Sam LaPorta","DET","TE",0,0,0,NA,0,0,NA,0,0,NA,0,0.133333333333333,6,68.7066666666667,91.56,774.38,5.74166666666667,7,97,11,54.1,11.8,NA,NA,NA,NA,NA,"2026-09-27 11:20 UTC"
"16215","Luke Musgrave","GB","TE",0,0,0,NA,0,0,NA,0,0,NA,0,0,NA,14,13,137.333333333333,0.666666666666667,96,414,12,16.1,10.2,NA,NA,NA,NA,NA,"2026-09-27 11:20 UTC"
"16216","Darnell Washington","PIT","TE",0,0,0,NA,0,0,NA,7.5,31.27,NA,0.26,1,NA,25.7675,36.44,271.69,1.6025,38,231,25,22,11,NA,NA,NA,NA,NA,"2026-09-27 11:20 UTC"
"16217","Cameron Latu","PHI","TE",0,0,0,NA,0,0,NA,0,0,NA,0,NA,NA,0,0,0,0,96,414,24,NA,NA,NA,NA,NA,NA,NA,"2026-09-27 11:20 UTC"
"16218","Payne Durham","TB","TE",0,0,0,NA,0,0,NA,0,0,NA,0,0,NA,11.01,17.245,109.41,1.045,60,289,30,5.7,10.6,NA,NA,NA,NA,NA,"2026-09-27 11:20 UTC"
"16219","Davis Allen","LAR","TE",0,0,0,NA,0,0,NA,0,0,NA,0,0,NA,13.885,19.74,129.51,1.245,83,354,33,13.6,9.3,NA,NA,NA,NA,NA,"2026-09-27 11:20 UTC"
"16220","Will Mallory","IND","TE",0,0,0,NA,0,0,NA,0,0,NA,0,0,NA,4,5,49,0.5,96,414,14,7.5,12.3,NA,NA,NA,NA,NA,"2026-09-27 11:20 UTC"
"16221","Luke Schoonmaker","DAL","TE",0,0,0,NA,0,0,NA,0,0,NA,0,0,NA,7.835,10.925,72.02,0.605,93,384,9,8,9.2,NA,NA,NA,NA,NA,"2026-09-27 11:20 UTC"
"16222","Tucker Kraft","GB","TE",0,0,0,NA,0,0,NA,1,2,NA,0,0.133333333333333,11,55.6266666666667,76.6833333333333,697.945,4.95333333333333,15,128,12,41.6,13.2,NA,NA,NA,NA,NA,"2026-09-27 11:20 UTC"
"16269","Brenton Strange","JAC","TE",0,0,0,NA,0,0,NA,0,0,NA,0,0,NA,53.4475,76.17,573.0425,4.4275,11,113,15,38.5,11.3,NA,NA,NA,NA,NA,"2026-09-27 11:20 UTC"
"16287","Tre Tucker","LV","WR",0,0,0,NA,0,0,NA,3.96,17.8875,4.1,0.0425,0,NA,47.595,85.71,620.3325,3.2,79,183,35,47.7,12.8,NA,NA,NA,NA,NA,"2026-09-27 11:20 UTC"
"16299","Derius Davis","LAC","WR",0,0,0,NA,0,0,NA,1,4.5,NA,0,NA,NA,6.04,9.5,67.8,0.575,152,380,34,NA,NA,NA,NA,NA,NA,NA,"2026-09-27 11:20 UTC"
"16312","Josh Whyle","GB","TE",0,0,0,NA,0,0,NA,0,0,NA,0,0,NA,7.435,10.485,68.665,0.765,79,345,12,5.5,9.6,NA,NA,NA,NA,NA,"2026-09-27 11:20 UTC"
"16333","Elijah Higgins","ARI","TE",0,0,0,NA,0,0,NA,0,0,NA,0,1,NA,11.34,14.93,107.126666666667,0.486666666666667,76,334,1,11.8,9.3,NA,NA,NA,NA,NA,"2026-09-27 11:20 UTC"
"16342","Demario Douglas","NE","WR",0,0,0,NA,0,0,NA,2,7.75,3,0,0,NA,36.935,55.9533333333333,435.7525,2.4175,72,166,19,29.7,11.4,NA,NA,NA,NA,NA,"2026-09-27 11:20 UTC"
"16364","Jalen Brooks","ARI","WR",0,0,0,NA,0,0,NA,0,0,NA,0,NA,NA,2.84,4.97,34.31,0.15,151,379,1,NA,NA,NA,NA,NA,NA,NA,"2026-09-27 11:20 UTC"
"16384","Tyson Bagent","CHI","QB",43.23,25.89,285.323333333333,21.9,1.56666666666667,0.8,78,4.61,14.5266666666667,2,0.09,0,NA,0,0,0,0,34,305,6,NA,NA,NA,NA,NA,NA,NA,"2026-09-27 11:20 UTC"
"16385","Emari Demercado","DAL","RB",0,0,0,NA,0,0,NA,48.73,231.51,5.7,1.1975,0,NA,4.25,5.33333333333333,29.75,0,66,245,9,2.3,8.8,NA,NA,NA,NA,NA,"2026-09-27 11:20 UTC"
"16387","Christopher Brooks","GB","RB",0,0,0,NA,0,0,NA,54.5575,235.8975,4.3,1.3,0,NA,14.5975,19.6633333333333,100.98,0.4975,50,191,12,4.6,7.2,NA,NA,NA,NA,NA,"2026-09-27 11:20 UTC"
"16390","Jaleel McLaughlin","CLE","RB",NA,NA,NA,NA,NA,NA,NA,26,126,4.9,0,0,NA,2,3,8,0,NA,NA,NA,0.5,4,NA,NA,NA,NA,NA,"2026-09-27 11:20 UTC"
"16391","Hunter Luepke","DAL","RB",0,0,0,NA,0,0,NA,7.59,30.53,NA,0.19,NA,NA,2.45,3.29,17.32,0.15,99,364,9,NA,NA,NA,NA,NA,NA,NA,"2026-09-27 11:20 UTC"
"16393","Jake Bobo","SEA","WR",0,0,0,NA,0,0,NA,0,0,NA,0,NA,NA,0,0,0,0,155,414,28,NA,NA,NA,NA,NA,NA,NA,"2026-09-27 11:20 UTC"
"16413","Malik Heath","GB","WR",0,0,0,NA,0,0,NA,0,0,NA,0,NA,NA,9.16,14.99,96.49,0.73,131,322,12,NA,NA,NA,NA,NA,NA,NA,"2026-09-27 11:20 UTC"
"16422","Nikko Remigio","KC","WR",0,0,0,NA,0,0,NA,0,0,NA,0,NA,NA,3.04,5.29,38.37,0.24,146,370,16,NA,NA,NA,NA,NA,NA,NA,"2026-09-27 11:20 UTC"
"16425","Julian Hill","NE","TE",0,0,0,NA,0,0,NA,0,0,NA,0,NA,NA,0,0,0,0,96,414,19,NA,NA,NA,NA,NA,NA,NA,"2026-09-27 11:20 UTC"
"16428","Xavier Smith","LAR","WR",0,0,0,NA,0,0,NA,0,0,NA,0,NA,NA,7.135,11.275,87.485,0.365,126,312,33,NA,NA,NA,NA,NA,NA,NA,"2026-09-27 11:20 UTC"
"16432","Emanuel Wilson","SEA","RB",0,0,0,NA,0,0,NA,53.4725,219.12,4.1,1.12,1,NA,5.1425,8.29333333333333,35.7425,0.0375,87,329,28,4.9,6.7,NA,NA,NA,NA,NA,"2026-09-27 11:20 UTC"
"16441","Tommy DeVito","NE","QB",13.325,9.14,99.415,9.1,0.68,0.145,113.8,2,9,4.5,0,0,NA,0,0,0,0,53,405,19,NA,NA,NA,NA,NA,NA,NA,"2026-09-27 11:20 UTC"
"16451","Tyrell Shavers","BUF","WR",0,0,0,NA,0,0,NA,0,0,NA,0,NA,NA,0,0,0,0,155,414,4,NA,NA,NA,NA,NA,NA,NA,"2026-09-27 11:20 UTC"
"16474","Nate Adkins","DEN","TE",0,0,0,NA,0,0,NA,0,0,NA,0,0,NA,12.015,15.64,98.36,2.26,78,343,10,8.9,7.8,NA,NA,NA,NA,NA,"2026-09-27 11:20 UTC"
"16496","Brady Russell","SEA","RB",0,0,0,NA,0,0,NA,4.2,17.07,NA,0.14,NA,NA,8.94,12.37,62.63,0.4,88,330,28,NA,NA,NA,NA,NA,NA,NA,"2026-09-27 11:20 UTC"
"16499","Chris Blair","ATL","WR",0,0,0,NA,0,0,NA,0,0,NA,0,NA,NA,0,0,0,0,155,414,2,NA,NA,NA,NA,NA,NA,NA,"2026-09-27 11:20 UTC"
"16579","Caleb Williams","CHI","QB",484.135,296.3775,3415.8975,227,23.19,7.9925,90.2,72.705,369.4,5.3,2.7425,1,NA,0,0,0,0,17,20,6,NA,NA,NA,NA,NA,NA,NA,"2026-09-27 11:20 UTC"
"16580","Drake Maye","NE","QB",483.51,333.06,3906.59,222.3,25.875,10.9016666666667,99.5,92.3133333333333,457.075,5.3,3.345,5.06666666666667,11,0,0,0,0,3,4,19,NA,NA,NA,NA,NA,NA,NA,"2026-09-27 11:20 UTC"
"16581","Jayden Daniels","WAS","QB",460.418333333333,295.825,3326.57,204.2,21.5033333333333,9.715,94.4,112.306666666667,603.483333333333,6,4.02166666666667,2.53333333333333,7,0,0,0,0,11,12,32,NA,NA,NA,NA,NA,NA,NA,"2026-09-27 11:20 UTC"
"16582","Bo Nix","DEN","QB",510.6175,329.595,3473.3,205.2,23.74,10.8275,88.5,70.2325,293.8525,3.9,3.1425,2,NA,0,0,0,0,22,26,10,NA,NA,NA,NA,NA,NA,NA,"2026-09-27 11:20 UTC"
"16583","Michael Penix Jr.","ATL","QB",412.7525,257.23,2941.255,209.3,15.805,9.15,87.1,26.31,89.9475,2,0.82,2,NA,0,0,0,0,26,36,2,NA,NA,NA,NA,NA,NA,NA,"2026-09-27 11:20 UTC"
"16584","J.J. McCarthy","MIN","QB",25.25,14.88,175.36,NA,0.715,0.65,NA,2,9,NA,0,NA,NA,0,0,0,0,42,394,18,NA,NA,NA,NA,NA,NA,NA,"2026-09-27 11:20 UTC"
"16585","Joe Milton III","DAL","QB",24,15,177,NA,1,1,NA,4,22,NA,0,NA,NA,NA,NA,NA,NA,NA,NA,NA,NA,NA,NA,NA,NA,NA,NA,"2026-09-27 11:20 UTC"
"16586","Spencer Rattler","NO","QB",16.17,10.96,112.535,10.5,0.675,0.65,85,2,7,3.5,0,0,NA,0,0,0,0,47,399,20,NA,NA,NA,NA,NA,NA,NA,"2026-09-27 11:20 UTC"
"16593","Blake Corum","LAR","RB",0,0,0,NA,0,0,NA,171.6975,798.5325,5.1,5.445,1,NA,10.56,13.3566666666667,75.5475,0.1725,26,101,33,2.3,7,NA,NA,NA,NA,NA,"2026-09-27 11:20 UTC"
"16594","Trey Benson","ARI","RB",0,0,0,NA,0,0,NA,0,0,NA,0,NA,NA,0,0,0,0,110,414,1,NA,NA,NA,NA,NA,NA,NA,"2026-09-27 11:20 UTC"
"16595","Audric Estime","NO","RB",NA,NA,NA,NA,NA,NA,NA,26,100,3.9,1,0,NA,3,3,24,0,NA,NA,NA,1.6,8,NA,NA,NA,NA,NA,"2026-09-27 11:20 UTC"
"16596","Braelon Allen","NYJ","RB",0,0,0,NA,0,0,NA,100.3575,406.06,3.8,3.475,2,NA,12.8325,18.36,96.3175,0.615,51,194,22,5.4,7.4,NA,NA,NA,NA,NA,"2026-09-27 11:20 UTC"
"16597","Jonathon Brooks","CAR","RB",0,0,0,NA,0,0,NA,110.76,451.85,3.9,3.18666666666667,1,NA,18.27,14.66,142.09,0.493333333333333,46,180,5,11.3,10.3,NA,NA,NA,NA,NA,"2026-09-27 11:20 UTC"
"16598","Bucky Irving","TB","RB",0,0,0,NA,0,0,NA,220.61,946.7725,4.2,5.835,3,NA,41.485,50.3733333333333,313.57,1.96,22,78,30,22.1,7.5,NA,NA,NA,NA,NA,"2026-09-27 11:20 UTC"
"16601","Will Shipley","PHI","RB",0,0,0,NA,0,0,NA,22.3175,86.77,3.5,0.5325,0,NA,7.5125,8.06333333333333,52.5075,0.0375,102,369,24,2.4,6,NA,NA,NA,NA,NA,"2026-09-27 11:20 UTC"
"16603","Ray Davis","BUF","RB",0,0,0,NA,0,0,NA,36.945,161.5525,4.6,0.9325,0,NA,5.2225,3.72666666666667,41.15,0.2925,80,301,4,1.1,8,NA,NA,NA,NA,NA,"2026-09-27 11:20 UTC"
"16604","MarShawn Lloyd","GB","RB",0,0,0,NA,0,0,NA,150.615,630.775,4,4.78,4,NA,13.6,12.7266666666667,101.2125,0.7875,37,152,12,6.2,8.7,NA,NA,NA,NA,NA,"2026-09-27 11:20 UTC"
"16606","Kendall Milton","CIN","RB",0,0,0,NA,0,0,NA,11.89,47.84,NA,0.3,NA,NA,0,0,0,0,103,372,7,NA,NA,NA,NA,NA,NA,NA,"2026-09-27 11:20 UTC"
"16608","George Holani","SEA","RB",0,0,0,NA,0,0,NA,48.795,191.245,3.5,1.5575,1,NA,9.355,11.9433333333333,65.54,0.1825,54,209,28,2.7,5.7,NA,NA,NA,NA,NA,"2026-09-27 11:20 UTC"
"16610","Jaylen Wright","MIA","RB",0,0,0,NA,0,0,NA,61.12,242.86,3.6,1.59,1,NA,6.9075,9.20333333333333,54.8925,0.1275,61,225,17,2,7,NA,NA,NA,NA,NA,"2026-09-27 11:20 UTC"
"16613","Dylan Laube","LV","RB",0,0,0,NA,0,0,NA,11.57,46.17,NA,0.32,NA,NA,5.03,10,32.5,0.22,94,340,35,NA,NA,NA,NA,NA,NA,NA,"2026-09-27 11:20 UTC"
"16614","Marvin Harrison Jr.","ARI","WR",0,0,0,NA,0,0,NA,0,0,0,0,0,NA,45.6625,74.0566666666667,650.1775,4.185,74,168,1,43.1,15,NA,NA,NA,NA,NA,"2026-09-27 11:20 UTC"
"16615","Malik Nabers","NYG","WR",0,0,0,NA,0,0,NA,1.5,5.25,0.5,0,0,NA,74.22,125.596666666667,966.8775,5.5225,15,66,21,50.5,12.2,NA,NA,NA,NA,NA,"2026-09-27 11:20 UTC"
"16616","Rome Odunze","CHI","WR",0,0,0,NA,0,0,NA,0.333333333333333,1,3,0,0,NA,53.455,96.16,801.53,5.6575,44,116,6,54,15.9,NA,NA,NA,NA,NA,"2026-09-27 11:20 UTC"
"16617","Keon Coleman","BUF","WR",0,0,0,NA,0,0,NA,0,0.666666666666667,0,0,1,NA,30.1675,53.5833333333333,399.29,3.1675,85,198,4,29.7,11.4,NA,NA,NA,NA,NA,"2026-09-27 11:20 UTC"
"16618","Brian Thomas Jr.","JAC","WR",0,0,0,NA,0,0,NA,1.75,10.25,6.7,0,0,NA,53.4525,89.5033333333333,771.9275,4.775,48,122,15,53.3,15.1,NA,NA,NA,NA,NA,"2026-09-27 11:20 UTC"
"16619","Troy Franklin","DEN","WR",0,0,0,NA,0,0,NA,0.666666666666667,3,NA,0,NA,NA,19.9133333333333,27.905,235.8,1.76666666666667,107,252,10,NA,NA,NA,NA,NA,NA,NA,"2026-09-27 11:20 UTC"
"16620","Xavier Worthy","KC","WR",0,0,0,NA,0,0,NA,9.5,59.25,6.6,0.75,0,NA,52.085,85.0066666666667,634.595,4.5625,56,137,16,34.3,10.5,NA,NA,NA,NA,NA,"2026-09-27 11:20 UTC"
"16621","Devontez Walker","BAL","WR",0,0,0,NA,0,0,NA,0,0,NA,0,NA,NA,15.0566666666667,27.26,222.906666666667,1.40333333333333,95,219,3,NA,NA,NA,NA,NA,NA,NA,"2026-09-27 11:20 UTC"
"16622","Ricky Pearsall","SF","WR",0,0,0,NA,0,0,NA,0,0,NA,0,NA,NA,0,0,0,0,155,414,27,NA,NA,NA,NA,NA,NA,NA,"2026-09-27 11:20 UTC"
"16626","Adonai Mitchell","NYJ","WR",0,0,0,NA,0,0,NA,0.75,2.5,0,0,1,NA,39.6575,76.3733333333333,566.2275,3.4775,92,212,22,40.7,13.9,NA,NA,NA,NA,NA,"2026-09-27 11:20 UTC"
"16627","Ladd McConkey","LAC","WR",0,0,0,NA,0,0,NA,0,0,0,0,0,NA,69.585,101.983333333333,868.025,5.3,35,98,34,55.3,13,NA,NA,NA,NA,NA,"2026-09-27 11:20 UTC"
"16628","Jalen McMillan","TB","WR",0,0,0,NA,0,0,NA,2,11.5,6,0,0,NA,38.54,58.5866666666667,496.4125,3.7075,65,153,30,34.6,13,NA,NA,NA,NA,NA,"2026-09-27 11:20 UTC"
"16629","Roman Wilson","PIT","WR",0,0,0,NA,0,0,NA,0,0,NA,0,NA,NA,18.71,46.65,221.176666666667,0.98,115,276,25,NA,NA,NA,NA,NA,NA,NA,"2026-09-27 11:20 UTC"
"16630","Isaiah Williams","NYJ","WR",0,0,0,NA,0,0,NA,1.97,9.74666666666667,NA,0.05,NA,NA,21.34,33.115,234.106666666667,1.07666666666667,145,361,22,NA,NA,NA,NA,NA,NA,NA,"2026-09-27 11:20 UTC"
"16633","Jordan Whittington","LAR","WR",0,0,0,NA,0,0,NA,1.33333333333333,7,NA,0,NA,NA,15.6066666666667,22.96,180.636666666667,1.07333333333333,111,261,33,NA,NA,NA,NA,NA,NA,NA,"2026-09-27 11:20 UTC"
"16634","Xavier Weaver","ARI","WR",0,0,0,NA,0,0,NA,0,0,NA,0,NA,NA,0,0,0,0,155,414,1,NA,NA,NA,NA,NA,NA,NA,"2026-09-27 11:20 UTC"
"16635","Luke McCaffrey","WAS","WR",0,0,0,NA,0,0,NA,0,0,NA,0,NA,NA,5.81,10.09,68.49,0.43,139,348,32,NA,NA,NA,NA,NA,NA,NA,"2026-09-27 11:20 UTC"
"16636","Malachi Corley","CLE","WR",0,0,0,NA,0,0,NA,3.78,17.92,NA,0.14,NA,NA,5.87,9.46,61.85,0.29,136,338,8,NA,NA,NA,NA,NA,NA,NA,"2026-09-27 11:20 UTC"
"16639","Xavier Legette","CAR","WR",0,0,0,NA,0,0,NA,1,6,NA,0,NA,NA,34.6133333333333,56.155,391.03,2.84333333333333,88,203,5,NA,NA,NA,NA,NA,NA,NA,"2026-09-27 11:20 UTC"
"16640","Jacob Cowing","SF","WR",0,0,0,NA,0,0,NA,0,0,NA,0,NA,NA,10.525,17.01,133.52,0.565,109,254,27,NA,NA,NA,NA,NA,NA,NA,"2026-09-27 11:20 UTC"
"16641","Brock Bowers","LV","TE",0,0,0,NA,0,0,NA,5.855,19.565,NA,0.25,0.133333333333333,13,84.935,113.066666666667,889.548333333333,6.50166666666667,12,118,35,54.2,10.4,NA,NA,NA,NA,NA,"2026-09-27 11:20 UTC"
"16642","Cade Stover","HOU","TE",0,0,0,NA,0,0,NA,4.29,17.36,NA,0.29,0,NA,6.58,9.62333333333333,55.9433333333333,0.43,81,351,13,6.5,8.1,NA,NA,NA,NA,NA,"2026-09-27 11:20 UTC"
"16643","Ja'Tavion Sanders","CAR","TE",0,0,0,NA,0,0,NA,0,0,NA,0,0,NA,14.745,18.16,119.17,0.74,77,342,5,11.6,7.9,NA,NA,NA,NA,NA,"2026-09-27 11:20 UTC"
"16644","Ben Sinnott","WAS","TE",0,0,0,NA,0,0,NA,0,0,NA,0,0,NA,11.66,15.595,110.42,0.99,65,299,32,6.7,10,NA,NA,NA,NA,NA,"2026-09-27 11:20 UTC"
"16645","Erick All","CIN","TE",0,0,0,NA,0,0,NA,0,0,NA,0,0,NA,17.5966666666667,23.7066666666667,148.416666666667,1.21,75,331,7,16,8,NA,NA,NA,NA,NA,"2026-09-27 11:20 UTC"
"16647","Brevyn Spann-Ford","DAL","TE",0,0,0,NA,0,0,NA,0,0,NA,0,0,NA,11.275,15.265,103.57,0.975,66,308,9,6.7,9.1,NA,NA,NA,NA,NA,"2026-09-27 11:20 UTC"
"16648","Jared Wiley","KC","TE",0,0,0,NA,0,0,NA,0,0,NA,0,0,NA,6.76,9.145,63.45,0.64,88,368,16,6.1,9.2,NA,NA,NA,NA,NA,"2026-09-27 11:20 UTC"
"16649","Theo Johnson","NYG","TE",0,0,0,NA,0,0,NA,0,0,NA,0,0,NA,21.3675,34.1666666666667,247.1675,1.6525,37,226,21,14.5,11.4,NA,NA,NA,NA,NA,"2026-09-27 11:20 UTC"
"16678","Sione Vaki","DET","RB",0,0,0,NA,0,0,NA,57.05,235.33,4.2,1.16333333333333,0,NA,8.21333333333333,10.8066666666667,60.8333333333333,0.45,62,230,11,1.5,11.5,NA,NA,NA,NA,NA,"2026-09-27 11:20 UTC"
"16684","Malik Washington","MIA","WR",0,0,0,NA,0,0,NA,9.3275,48.3425,5.1,0.3425,3,NA,51.55,84.2466666666667,549.73,2.72,59,143,17,31.3,8.6,NA,NA,NA,NA,NA,"2026-09-27 11:20 UTC"
"16688","Isaac Guerendo","SF","RB",0,0,0,NA,0,0,NA,12.5,61.5,4.9,0.5,0,NA,1.5,1.5,14.5,0,110,414,27,2.2,9.7,NA,NA,NA,NA,NA,"2026-09-27 11:20 UTC"
"16706","Tip Reiman","ARI","TE",0,0,0,NA,0,0,NA,0,0,NA,0,NA,NA,0,0,0,0,96,414,1,NA,NA,NA,NA,NA,NA,NA,"2026-09-27 11:20 UTC"
"16723","AJ Barner","SEA","TE",0,0,0,NA,0,0,NA,8.205,29.935,NA,0.785,0,NA,45.37,57.1133333333333,431.385,4.1025,17,139,28,25.5,9.8,NA,NA,NA,NA,NA,"2026-09-27 11:20 UTC"
"16746","Rasheen Ali","BAL","RB",0,0,0,NA,0,0,NA,13.7833333333333,53.6266666666667,3.3,0.09,0,NA,4.83666666666667,5.415,35.25,0.383333333333333,97,353,3,2.4,7.2,NA,NA,NA,NA,NA,"2026-09-27 11:20 UTC"
"16747","Tyrone Tracy Jr.","NYG","RB",0,0,0,NA,0,0,NA,35.1566666666667,148.813333333333,4.2,0.813333333333333,0,NA,8.02666666666667,6.055,61.1433333333333,0.426666666666667,83,307,21,0.8,6,NA,NA,NA,NA,NA,"2026-09-27 11:20 UTC"
"16752","Isaiah Davis","NYJ","RB",0,0,0,NA,0,0,NA,27.89,127.39,5.5,0.81,0,NA,10.7266666666667,12.04,82.3333333333333,0.14,75,283,22,3.6,9,NA,NA,NA,NA,NA,"2026-09-27 11:20 UTC"
"16757","Kimani Vidal","LAC","RB",0,0,0,NA,0,0,NA,33.1675,135.31,4,0.93,0,NA,5.165,4,38.5475,0.0375,82,304,34,0.9,7,NA,NA,NA,NA,NA,"2026-09-27 11:20 UTC"
"16760","Casey Washington","CAR","WR",0,0,0,NA,0,0,NA,0,0,NA,0,NA,NA,21.31,34.89,237.28,1.41,104,242,5,NA,NA,NA,NA,NA,NA,NA,"2026-09-27 11:20 UTC"
"16778","Ryan Flournoy","DAL","WR",0,0,0,NA,0,0,NA,0.666666666666667,3.66666666666667,NA,0,NA,NA,44.4666666666667,74.14,507.256666666667,3.72666666666667,58,141,9,NA,NA,NA,NA,NA,NA,NA,"2026-09-27 11:20 UTC"
"16788","Devaughn Vele","NO","WR",0,0,0,NA,0,0,NA,0,0,0,0,0,NA,47.2225,74.2233333333333,552.1825,3.6225,61,147,20,46.2,12.4,NA,NA,NA,NA,NA,"2026-09-27 11:20 UTC"
"16809","Jalen Coker","CAR","WR",0,0,0,NA,0,0,NA,0,0,0,0,1,NA,70.0525,106.62,845.9825,5.345,17,69,5,54.3,12.2,NA,NA,NA,NA,NA,"2026-09-27 11:20 UTC"
"16816","British Brooks","HOU","RB",0,0,0,NA,0,0,NA,12.89,52,NA,0.29,NA,NA,0,0,0,0,101,367,13,NA,NA,NA,NA,NA,NA,NA,"2026-09-27 11:20 UTC"
"16831","David Martin-Robinson","TEN","TE",0,0,0,NA,0,0,NA,0,0,NA,0,NA,NA,6.42,9.54,58.29,0.37,84,357,31,NA,NA,NA,NA,NA,NA,NA,"2026-09-27 11:20 UTC"
"16839","Jack Westover","WSH","TE",0,0,0,NA,0,0,NA,0,0,NA,0,NA,NA,0,0,0,0,96,414,32,NA,NA,NA,NA,NA,NA,NA,"2026-09-27 11:20 UTC"
"16850","Jacob Saylors","DET","RB",0,0,0,NA,0,0,NA,31.5466666666667,134.433333333333,4.8,0.88,0,NA,3.95333333333333,3.595,29.2066666666667,0.0533333333333333,84,323,11,1.3,9.5,NA,NA,NA,NA,NA,"2026-09-27 11:20 UTC"
"16858","Mason Tipton","NO","WR",0,0,0,NA,0,0,NA,0,0,NA,0,NA,NA,0,0,0,0,155,414,20,NA,NA,NA,NA,NA,NA,NA,"2026-09-27 11:20 UTC"
"16883","Kameron Johnson","TB","WR",0,0,0,NA,0,0,NA,0,0,NA,0,NA,NA,9.09,15.37,109.11,0.72,129,318,30,NA,NA,NA,NA,NA,NA,NA,"2026-09-27 11:20 UTC"
"16919","E.J. Jenkins","PHI","TE",NA,NA,NA,NA,NA,NA,NA,NA,NA,NA,NA,0,NA,10,13,99,1,NA,NA,NA,6.6,9.9,NA,NA,NA,NA,NA,"2026-09-27 11:20 UTC"
"16940","Blake Whiteheart","CLE","TE",0,0,0,NA,0,0,NA,0,0,NA,0,0,NA,14.49,22.205,136.95,1.015,49,260,8,6.5,10.9,NA,NA,NA,NA,NA,"2026-09-27 11:20 UTC"
"16949","Brycen Tremayne","CAR","WR",0,0,0,NA,0,0,NA,0,0,NA,0,NA,NA,0,0,0,0,155,414,5,NA,NA,NA,NA,NA,NA,NA,"2026-09-27 11:20 UTC"
"16957","Terrell Jennings","NE","RB",0,0,0,NA,0,0,NA,4.04,16.09,NA,0.15,NA,NA,0,0,0,0,108,411,19,NA,NA,NA,NA,NA,NA,NA,"2026-09-27 11:20 UTC"
"16958","Ryan Miller","MIA","WR",0,0,0,NA,0,0,NA,0,0,NA,0,NA,NA,5.38,9.3,78.48,0.32,138,346,17,NA,NA,NA,NA,NA,NA,NA,"2026-09-27 11:20 UTC"
"16979","Cam Grandy","CIN","TE",0,0,0,NA,0,0,NA,0,0,NA,0,NA,NA,0,0,0,0,96,414,7,NA,NA,NA,NA,NA,NA,NA,"2026-09-27 11:20 UTC"
"17011","Jared Wayne","HOU","WR",0,0,0,NA,0,0,NA,0,0,NA,0,NA,NA,33.13,56.83,393.74,2.12,89,205,13,NA,NA,NA,NA,NA,NA,NA,"2026-09-27 11:20 UTC"
"17030","Cam Ward","TEN","QB",506.9325,311.4275,3259.4125,199.2,17.805,8.6925,86.7,42.755,180.23,3.9,1.925,4,NA,0,0,0,0,31,49,31,NA,NA,NA,NA,NA,NA,NA,"2026-09-27 11:20 UTC"
"17031","Shedeur Sanders","CLE","QB",100.586666666667,58.9766666666667,675.73,8.6,3.79333333333333,3.15,78.6,12,65.3333333333333,3.5,0.333333333333333,0,NA,0,0,0,0,35,383,8,NA,NA,NA,NA,NA,NA,NA,"2026-09-27 11:20 UTC"
"17032","Jaxson Dart","NYG","QB",258.5,165.5,1785,NA,10,4.5,NA,51.5,282,NA,3,NA,NA,0,0,0,0,56,414,21,NA,NA,NA,NA,NA,NA,NA,"2026-09-27 11:20 UTC"
"17034","Quinn Ewers","JAC","QB",19,12,143,9.5,1,0,103.6,4,17,4.3,0,0,NA,NA,NA,NA,NA,NA,NA,NA,NA,NA,NA,NA,NA,NA,NA,"2026-09-27 11:20 UTC"
"17035","Riley Leonard","IND","QB",37,23,259,NA,2,1,NA,2,9,NA,0,NA,NA,NA,NA,NA,NA,NA,NA,NA,NA,NA,NA,NA,NA,NA,NA,"2026-09-27 11:20 UTC"
"17036","Will Howard","PIT","QB",26,16,186,NA,1,1,NA,2,7,NA,0,NA,NA,NA,NA,NA,NA,NA,NA,NA,NA,NA,NA,NA,NA,NA,NA,"2026-09-27 11:20 UTC"
"17038","Kyle McCord","MIA","QB",12,8,80,5.3,1,0,113.2,2,7,3.5,0,0,NA,NA,NA,NA,NA,NA,NA,NA,NA,NA,NA,NA,NA,NA,NA,"2026-09-27 11:20 UTC"
"17039","Tyler Shough","NO","QB",519.9575,349.535,3798.4525,263.3,23.065,10.565,95.7,72.9925,293.4775,3.8,4.2025,4,NA,0,0,0,0,16,18,20,NA,NA,NA,NA,NA,NA,NA,"2026-09-27 11:20 UTC"
"17042","Ashton Jeanty","LV","RB",0,0,0,NA,0,0,NA,259.1525,1034.655,3.8,7.75,1,NA,51.5375,73.7033333333333,363.7025,3.205,14,52,35,23.5,6.3,NA,NA,NA,NA,NA,"2026-09-27 11:20 UTC"
"17043","TreVeyon Henderson","NE","RB",0,0,0,NA,0,0,NA,153.915,702.4,4.7,5.8275,1,NA,24.005,26.0733333333333,167.5775,0.89,40,157,19,9.5,6,NA,NA,NA,NA,NA,"2026-09-27 11:20 UTC"
"17044","Omarion Hampton","LAC","RB",0,0,0,NA,0,0,NA,241.6575,1036.555,4.2,8.415,5,NA,39.9175,43.66,270.9075,1.4525,15,54,34,14.8,6.2,NA,NA,NA,NA,NA,"2026-09-27 11:20 UTC"
"17045","Cam Skattebo","NYG","RB",0,0,0,NA,0,0,NA,230.4775,970.2025,4.3,6.8325,2,NA,31.19,35.7733333333333,238.475,1.195,24,85,21,17.7,7.4,NA,NA,NA,NA,NA,"2026-09-27 11:20 UTC"
"17047","Dylan Sampson","CLE","RB",0,0,0,NA,0,0,NA,45,151.666666666667,2.8,0.666666666666667,2,NA,23.6666666666667,19.5,198.333333333333,1.33333333333333,110,414,8,23.3,9,NA,NA,NA,NA,NA,"2026-09-27 11:20 UTC"
"17048","Kaleb Johnson","GB","RB",0,0,0,NA,0,0,NA,55.41,218.393333333333,3.7,1.27333333333333,0,NA,2.55,3.33333333333333,16.8733333333333,0.05,64,235,12,0.6,8,NA,NA,NA,NA,NA,"2026-09-27 11:20 UTC"
"17049","Brashard Smith","KCC","RB",0,0,0,NA,0,0,NA,36.37,145.83,NA,0.93,NA,NA,11.15,15.89,76.03,0.52,68,250,16,NA,NA,NA,NA,NA,NA,NA,"2026-09-27 11:20 UTC"
"17051","Quinshon Judkins","CLE","RB",0,0,0,NA,0,0,NA,240.6625,924.125,3.4,6.115,1,NA,36.655,49.7033333333333,251.1425,0.8625,19,68,8,19.9,7.1,NA,NA,NA,NA,NA,"2026-09-27 11:20 UTC"
"17052","Bhayshul Tuten","JAC","RB",0,0,0,NA,0,0,NA,206.2775,882.735,4.4,7.01,1,NA,23.0275,23.44,168.2225,1.3575,33,133,15,8.7,6.6,NA,NA,NA,NA,NA,"2026-09-27 11:20 UTC"
"17053","Woody Marks","HOU","RB",0,0,0,NA,0,0,NA,133.6175,525.7175,3.7,2.5525,1,NA,24.7625,32.46,181.98,1.195,31,126,13,9.5,6.5,NA,NA,NA,NA,NA,"2026-09-27 11:20 UTC"
"17055","Jordan James","SF","RB",0,0,0,NA,0,0,NA,35.485,154.525,NA,0.81,NA,NA,3.49,2.59,25.43,0.07,89,333,27,NA,NA,NA,NA,NA,NA,NA,"2026-09-27 11:20 UTC"
"17056","Trevor Etienne","CAR","RB",0,0,0,NA,0,0,NA,9,41,NA,0,NA,NA,2,0,12.5,0,110,414,5,NA,NA,NA,NA,NA,NA,NA,"2026-09-27 11:20 UTC"
"17058","Tahj Brooks","CIN","RB",0,0,0,NA,0,0,NA,16.445,64.86,NA,0.15,NA,NA,2.535,5.53,17.535,0.075,96,349,7,NA,NA,NA,NA,NA,NA,NA,"2026-09-27 11:20 UTC"
"17059","Ollie Gordon II","MIA","RB",0,0,0,NA,0,0,NA,33.96,123.0775,2.5,0.8425,0,NA,3.595,2.55333333333333,22.4075,0.0375,90,335,17,0.3,4,NA,NA,NA,NA,NA,"2026-09-27 11:20 UTC"
"17060","DJ Giddens","IND","RB",0,0,0,NA,0,0,NA,33.0766666666667,136.176666666667,4.5,1.07333333333333,0,NA,5.76666666666667,10,42.4566666666667,0.163333333333333,63,233,14,0.6,9,NA,NA,NA,NA,NA,"2026-09-27 11:20 UTC"
"17061","LeQuint Allen","JAC","RB",0,0,0,NA,0,0,NA,26.0275,101.875,3.8,0.39,0,NA,11.5225,11.7733333333333,76.525,0.3325,78,297,15,2.7,5.7,NA,NA,NA,NA,NA,"2026-09-27 11:20 UTC"
"17062","Raheim Sanders","CLE","RB",0,0,0,NA,0,0,NA,32.61,126.156666666667,3.7,0.886666666666667,0,NA,5.06333333333333,7.23,34.5466666666667,0.0666666666666667,74,281,8,2.3,8.5,NA,NA,NA,NA,NA,"2026-09-27 11:20 UTC"
"17066","Kyle Monangai","CHI","RB",0,0,0,NA,0,0,NA,156.7325,691.385,4.5,4.38,1,NA,19.56,26.6766666666667,160.6025,0.38,38,154,6,14.2,8.9,NA,NA,NA,NA,NA,"2026-09-27 11:20 UTC"
"17068","RJ Harvey","DEN","RB",0,0,0,NA,0,0,NA,99.57,391.815,3.6,3.5025,1,NA,41.24,51.7966666666667,304.205,2.455,27,102,10,18.1,7.5,NA,NA,NA,NA,NA,"2026-09-27 11:20 UTC"
"17070","Luther Burden III","CHI","WR",0,0,0,NA,0,0,NA,7.3275,33.68,3.1,0.0825,2,NA,65.56,98.6166666666667,859.3925,4.96,30,89,6,58.9,14,NA,NA,NA,NA,NA,"2026-09-27 11:20 UTC"
"17071","Tetairoa McMillan","CAR","WR",0,0,0,NA,0,0,NA,0,0,0,0,3,NA,73.77,123.03,1041.2425,6.0125,21,76,5,71.5,14.3,NA,NA,NA,NA,NA,"2026-09-27 11:20 UTC"
"17072","Tre' Harris","LAC","WR",0,0,0,NA,0,0,NA,0,0,NA,0,NA,NA,37.6566666666667,65.5,475.306666666667,2.12666666666667,80,185,34,NA,NA,NA,NA,NA,NA,NA,"2026-09-27 11:20 UTC"
"17073","Elic Ayomanor","TEN","WR",0,0,0,NA,0,0,NA,0,0,0,0,0,NA,23.335,50.7366666666667,331.0875,2.345,103,241,31,36.5,16.1,NA,NA,NA,NA,NA,"2026-09-27 11:20 UTC"
"17074","Travis Hunter","JAC","WR",NA,NA,NA,NA,NA,NA,NA,2.5,14.5,NA,0,NA,NA,26,30,304,1.5,NA,NA,NA,NA,NA,1,0,0,0,45,"2026-09-27 11:20 UTC"
"17075","Matthew Golden","GB","WR",0,0,0,NA,0,0,NA,4.98,24.4525,5,0.075,0,NA,53.515,90.16,721.215,4.0825,40,111,12,53.1,15.8,NA,NA,NA,NA,NA,"2026-09-27 11:20 UTC"
"17076","Isaiah Bond","CLE","WR",0,0,0,NA,0,0,NA,1.33333333333333,8.33333333333333,6.3,0,0,NA,12.8675,21.1533333333333,220.23,0.575,143,358,8,33.9,21.2,NA,NA,NA,NA,NA,"2026-09-27 11:20 UTC"
"17077","Xavier Restrepo","TEN","WR",0,0,0,NA,0,0,NA,0,0,NA,0,NA,NA,0,0,0,0,155,414,31,NA,NA,NA,NA,NA,NA,NA,"2026-09-27 11:20 UTC"
"17078","Jack Bech","LV","WR",0,0,0,NA,0,0,NA,0,0,NA,0,NA,NA,25.7433333333333,46.535,302.71,1.54333333333333,101,236,35,NA,NA,NA,NA,NA,NA,NA,"2026-09-27 11:20 UTC"
"17079","Tez Johnson","TB","WR",0,0,0,NA,0,0,NA,4.01,18.705,NA,0.075,NA,NA,11.935,19.745,143.695,1.03,116,277,30,NA,NA,NA,NA,NA,NA,NA,"2026-09-27 11:20 UTC"
"17080","Jaylin Noel","HOU","WR",0,0,0,NA,0,0,NA,2.5,13.75,5.7,0,0,NA,31.8175,49.9433333333333,405.985,2.285,86,199,13,35.9,15,NA,NA,NA,NA,NA,"2026-09-27 11:20 UTC"
"17081","Emeka Egbuka","TB","WR",0,0,0,NA,0,0,NA,2.255,6.61,-0.7,0.0375,0,NA,64.2075,109.166666666667,910.015,6.29,34,96,30,58.2,14.3,NA,NA,NA,NA,NA,"2026-09-27 11:20 UTC"
"17082","Pat Bryant","DEN","WR",0,0,0,NA,0,0,NA,4.16666666666667,25.4133333333333,11,0.106666666666667,0,NA,34.505,57.5566666666667,409.57,2.185,76,171,10,26.7,11.1,NA,NA,NA,NA,NA,"2026-09-27 11:20 UTC"
"17084","Ricky White III","SEA","WR",0,0,0,NA,0,0,NA,0,0,NA,0,NA,NA,0,0,0,0,155,414,28,NA,NA,NA,NA,NA,NA,NA,"2026-09-27 11:20 UTC"
"17086","Jalen Royals","KCC","WR",0,0,0,NA,0,0,NA,0,0,NA,0,NA,NA,8.99,14.945,106.875,0.865,128,316,16,NA,NA,NA,NA,NA,NA,NA,"2026-09-27 11:20 UTC"
"17087","Dont'e Thornton Jr.","LV","WR",0,0,0,NA,0,0,NA,0,0,NA,0,NA,NA,0,0,0,0,155,414,35,NA,NA,NA,NA,NA,NA,NA,"2026-09-27 11:20 UTC"
"17096","Savion Williams","GB","WR",0,0,0,NA,0,0,NA,0,0,NA,0,NA,NA,6.5,0,79.5,0.5,155,414,12,NA,NA,NA,NA,NA,NA,NA,"2026-09-27 11:20 UTC"
"17097","Tai Felton","MIN","WR",0,0,0,NA,0,0,NA,0,0,NA,0,NA,NA,8.86,17.61,105.37,0.38,125,306,18,NA,NA,NA,NA,NA,NA,NA,"2026-09-27 11:20 UTC"
"17098","Tory Horton","SEA","WR",0,0,0,NA,0,0,NA,0.333333333333333,1.66666666666667,5,0,0,NA,14.4125,22.4,190.3725,2,118,284,28,19.4,13.2,NA,NA,NA,NA,NA,"2026-09-27 11:20 UTC"
"17099","Oronde Gadsden II","LAC","TE",0,0,0,NA,0,0,NA,0,0,NA,0,1,NA,41.145,62.3166666666667,475.4,2.8775,16,135,34,29.9,13.6,NA,NA,NA,NA,NA,"2026-09-27 11:20 UTC"
"17102","Tyler Warren","IND","TE",0,0,0,NA,0,0,NA,7.025,26.925,NA,0.84,0.2,13,73.6883333333333,97.8066666666667,779.813333333333,5.97833333333333,5,90,14,45.1,10.1,NA,NA,NA,NA,NA,"2026-09-27 11:20 UTC"
"17103","Harold Fannin Jr.","CLE","TE",0,0,0,NA,0,0,NA,9.17,30.8,NA,0.165,0.866666666666667,11,70.7466666666667,90.9933333333333,709.403333333333,4.305,14,127,8,45.1,10.9,NA,NA,NA,NA,NA,"2026-09-27 11:20 UTC"
"17104","Colston Loveland","CHI","TE",0,0,0,NA,0,0,NA,8.31,34.61,NA,0.41,0.133333333333333,10,68.9233333333333,94.2833333333333,786.798333333333,6.01666666666667,4,87,6,44.5,11.9,NA,NA,NA,NA,NA,"2026-09-27 11:20 UTC"
"17105","Gunnar Helm","TEN","TE",0,0,0,NA,0,0,NA,0,0,NA,0,0,NA,43.5,57.25,391.285,2.745,35,221,31,23.3,8.1,NA,NA,NA,NA,NA,"2026-09-27 11:20 UTC"
"17106","Mason Taylor","NYJ","TE",0,0,0,NA,0,0,NA,0,0,NA,0,0,NA,38.3275,52.5766666666667,337.11,2.0975,31,201,22,24.2,7.5,NA,NA,NA,NA,NA,"2026-09-27 11:20 UTC"
"17107","Terrance Ferguson","LAR","TE",0,0,0,NA,0,0,NA,1.64,6.31,NA,0.09,0,NA,40.07,66.61,477.5225,4.8675,24,177,33,31.4,13.5,NA,NA,NA,NA,NA,"2026-09-27 11:20 UTC"
"17108","Elijah Arroyo","SEA","TE",0,0,0,NA,0,0,NA,0,0,NA,0,0,NA,15.875,20.1433333333333,162.7575,1.32,50,262,28,7.1,11.8,NA,NA,NA,NA,NA,"2026-09-27 11:20 UTC"
"17109","Mitchell Evans","CAR","TE",0,0,0,NA,0,0,NA,8.62,35.19,NA,0.32,0,NA,16.38,23,144.575,1.08,43,249,5,8.5,8.5,NA,NA,NA,NA,NA,"2026-09-27 11:20 UTC"
"17134","Kyle Williams","NE","WR",0,0,0,NA,0,0,NA,2,10,NA,0,NA,NA,14.285,23.125,202,0.895,123,298,19,NA,NA,NA,NA,NA,NA,NA,"2026-09-27 11:20 UTC"
"17157","Isaac TeSlaa","DET","WR",0,0,0,NA,0,0,NA,0,0,0,0,0,NA,29.3775,51.4866666666667,387.5125,3.83,73,167,11,23.3,14,NA,NA,NA,NA,NA,"2026-09-27 11:20 UTC"
"17171","Chimere Dike","TEN","WR",0,0,0,NA,0,0,NA,4.7,14.1375,0.4,0.065,3,NA,15.605,25.4366666666667,162.2475,1.6175,127,315,31,26.7,10.6,NA,NA,NA,NA,NA,"2026-09-27 11:20 UTC"
"17175","Arian Smith","NYJ","WR",0,0,0,NA,0,0,NA,0,0,NA,0,NA,NA,0,0,0,0,155,414,22,NA,NA,NA,NA,NA,NA,NA,"2026-09-27 11:20 UTC"
"17184","Jaylin Lane","WAS","WR",0,0,0,NA,0,0,NA,0,0,NA,0,NA,NA,5.48,10.09,66.45,0.45,140,350,32,NA,NA,NA,NA,NA,NA,NA,"2026-09-27 11:20 UTC"
"17192","Jordan Watkins","SF","WR",0,0,0,NA,0,0,NA,0,0,NA,0,NA,NA,0,0,0,0,155,414,27,NA,NA,NA,NA,NA,NA,NA,"2026-09-27 11:20 UTC"
"17205","KeAndre Lambert-Smith","LAC","WR",0,0,0,NA,0,0,NA,0,0,NA,0,NA,NA,13.225,24.98,156.89,0.995,113,269,34,NA,NA,NA,NA,NA,NA,NA,"2026-09-27 11:20 UTC"
"17213","Jackson Hawes","BUF","TE",0,0,0,NA,0,0,NA,0,0,NA,0,0,NA,9.995,13.26,107.715,1.425,67,309,4,7.2,12,NA,NA,NA,NA,NA,"2026-09-27 11:20 UTC"
"17215","Robbie Ouzts","SEA","RB",0,0,0,NA,0,0,NA,0,0,NA,0,NA,NA,0,0,0,0,110,414,28,NA,NA,NA,NA,NA,NA,NA,"2026-09-27 11:20 UTC"
"17232","LaJohntay Wester","BAL","WR",0,0,0,NA,0,0,NA,0,0,NA,0,NA,NA,19.85,33.7,255.11,1.66,102,237,3,NA,NA,NA,NA,NA,NA,NA,"2026-09-27 11:20 UTC"
"17234","Jimmy Horn Jr.","FA","WR",NA,NA,NA,NA,NA,NA,NA,NA,NA,NA,NA,NA,NA,NA,NA,NA,NA,NA,NA,NA,NA,NA,NA,NA,NA,NA,NA,"2026-09-27 11:20 UTC"
"17243","Thomas Fidone II","NYG","TE",0,0,0,NA,0,0,NA,0,0,NA,0,0,NA,5.66,7.535,55.93,0.59,90,375,21,5.2,9.8,NA,NA,NA,NA,NA,"2026-09-27 11:20 UTC"
"17254","Konata Mumpfield","LAR","WR",0,0,0,NA,0,0,NA,0,0,NA,0,NA,NA,12.2066666666667,18.855,149.15,1.02333333333333,119,287,33,NA,NA,NA,NA,NA,NA,NA,"2026-09-27 11:20 UTC"
"17256","Jacory Croskey-Merritt","WAS","RB",0,0,0,NA,0,0,NA,181.2725,799.785,4.5,6.98,2,NA,11.9,15.7133333333333,78.0675,0.1475,32,132,32,3.7,5,NA,NA,NA,NA,NA,"2026-09-27 11:20 UTC"
"17259","Moliki Matavao","NO","TE",0,0,0,NA,0,0,NA,0,0,NA,0,NA,NA,0,0,0,0,96,414,20,NA,NA,NA,NA,NA,NA,NA,"2026-09-27 11:20 UTC"
"17269","Efton Chism III","NE","WR",0,0,0,NA,0,0,NA,0,0,NA,0,NA,NA,4.405,7.08,56.145,0.25,134,327,19,NA,NA,NA,NA,NA,NA,NA,"2026-09-27 11:20 UTC"
"17272","Amar Johnson","LAC","RB",0,0,0,NA,0,0,NA,0,0,NA,0,NA,NA,0,0,0,0,110,414,34,NA,NA,NA,NA,NA,NA,NA,"2026-09-27 11:20 UTC"
"17274","Corey Kiner","NE","RB",0,0,0,NA,0,0,NA,25.06,97.55,3.8,0.235,0,NA,2.495,3.54,20.58,0.075,86,328,19,0.9,14,NA,NA,NA,NA,NA,"2026-09-27 11:20 UTC"
"17278","Coleman Owen","IND","WR",0,0,0,NA,0,0,NA,0,0,NA,0,NA,NA,0,0,0,0,155,414,14,NA,NA,NA,NA,NA,NA,NA,"2026-09-27 11:20 UTC"
"17285","Ben Yurosek","MIN","TE",0,0,0,NA,0,0,NA,0,0,NA,0,NA,NA,0,0,0,0,96,414,18,NA,NA,NA,NA,NA,NA,NA,"2026-09-27 11:20 UTC"
"17305","Jordan Moore","CIN","WR",0,0,0,NA,0,0,NA,0,0,NA,0,NA,NA,0,0,0,0,155,414,7,NA,NA,NA,NA,NA,NA,NA,"2026-09-27 11:20 UTC"
"17321","Brennan Presley","LA","WR",0,0,0,NA,0,0,NA,0,0,NA,0,NA,NA,0,0,0,0,155,414,33,NA,NA,NA,NA,NA,NA,NA,"2026-09-27 11:20 UTC"
"17325","Dalevon Campbell","LAC","WR",0,0,0,NA,0,0,NA,0,0,NA,0,NA,NA,0,0,0,0,155,414,34,NA,NA,NA,NA,NA,NA,NA,"2026-09-27 11:20 UTC"
"17333","Darius Cooper","PHI","WR",0,0,0,NA,0,0,NA,0.5,2,4,0,0,NA,13.5,19,170,1.5,155,414,24,22.7,12.6,NA,NA,NA,NA,NA,"2026-09-27 11:20 UTC"
"17334","Jackson Meeks","DET","WR",0,0,0,NA,0,0,NA,0,0,NA,0,NA,NA,0,0,0,0,155,414,11,NA,NA,NA,NA,NA,NA,NA,"2026-09-27 11:20 UTC"
"17353","Jahdae Walker","CHI","WR",0,0,0,NA,0,0,NA,0.333333333333333,1.66666666666667,5,0,0,NA,15.9333333333333,30.185,193.716666666667,2.00333333333333,120,291,6,21.5,12.4,NA,NA,NA,NA,NA,"2026-09-27 11:20 UTC"
"17359","Josh Williams","TB","RB",0,0,0,NA,0,0,NA,20.04,14.94,NA,0.3,NA,NA,0,0,0,0,105,408,30,NA,NA,NA,NA,NA,NA,NA,"2026-09-27 11:20 UTC"
"17360","Myles Price","MIN","WR",0,0,0,NA,0,0,NA,0,0,NA,0,NA,NA,0,0,0,0,155,414,18,NA,NA,NA,NA,NA,NA,NA,"2026-09-27 11:20 UTC"
"17385","Carter Runyon","LV","TE",0,0,0,NA,0,0,NA,0,0,NA,0,NA,NA,0,0,0,0,96,414,35,NA,NA,NA,NA,NA,NA,NA,"2026-09-27 11:20 UTC"
"17396","Ke'Shawn Williams","CIN","WR",0,0,0,NA,0,0,NA,3.96,18.19,NA,0.15,NA,NA,3.32,5.53,41.92,0.3,144,360,7,NA,NA,NA,NA,NA,NA,NA,"2026-09-27 11:20 UTC"
"17407","Hayden Rucci","LAC","TE",NA,NA,NA,NA,NA,NA,NA,NA,NA,NA,NA,0,NA,10,14,104,1,NA,NA,NA,6.9,10.4,NA,NA,NA,NA,NA,"2026-09-27 11:20 UTC"
"17414","Nick Kallerup","SEA","TE",0,0,0,NA,0,0,NA,0,0,NA,0,NA,NA,3.34,4.88,33.41,0.27,89,371,28,NA,NA,NA,NA,NA,NA,NA,"2026-09-27 11:20 UTC"
"17419","Keleki Latu","BUF","TE",0,0,0,NA,0,0,NA,0,0,NA,0,NA,NA,3.63,5.18,34.65,0.3,87,365,4,NA,NA,NA,NA,NA,NA,NA,"2026-09-27 11:20 UTC"
"17462","Fernando Mendoza","LV","QB",262.64,141.0525,1543.6625,5.6,7.94,4.75,80.3,27.57,105.2025,7,0.8425,0,NA,0,0,0,0,33,246,35,NA,NA,NA,NA,NA,NA,NA,"2026-09-27 11:20 UTC"
"17463","Ty Simpson","LAR","QB",23.6666666666667,14.6666666666667,175,26.2,1.33333333333333,0.333333333333333,97.7,2.33333333333333,11,4.7,0,0,NA,0,0,0,0,56,414,33,NA,NA,NA,NA,NA,NA,NA,"2026-09-27 11:20 UTC"
"17466","Carson Beck","ARI","QB",63,40,449,NA,3,2,NA,7,24,NA,0,NA,NA,NA,NA,NA,NA,NA,NA,NA,NA,NA,NA,NA,NA,NA,NA,"2026-09-27 11:20 UTC"
"17467","Cade Klubnik","NYJ","QB",16.0066666666667,10.48,108.856666666667,5.5,0.78,0.433333333333333,112,1.33333333333333,5.66666666666667,4,0,0,NA,0,0,0,0,50,402,22,NA,NA,NA,NA,NA,NA,NA,"2026-09-27 11:20 UTC"
"17469","Jalon Daniels","TB","QB",15,9,100,6.7,1,0,102.1,2,8,4,0,0,NA,NA,NA,NA,NA,NA,NA,NA,NA,NA,NA,NA,NA,NA,NA,"2026-09-27 11:20 UTC"
"17472","Jeremiyah Love","ARI","RB",0,0,0,NA,0,0,NA,201.4375,879.47,4.4,6.4825,2,NA,45.8025,57.5233333333333,346.095,1.5,16,55,1,20.4,8.1,NA,NA,NA,NA,NA,"2026-09-27 11:20 UTC"
"17473","Jadarian Price","SEA","RB",0,0,0,NA,0,0,NA,181.78,790.1975,4.3,5.8,4,NA,22.675,25.8833333333333,183.85,0.905,34,140,28,15.5,9.7,NA,NA,NA,NA,NA,"2026-09-27 11:20 UTC"
"17474","Emmett Johnson","KC","RB",0,0,0,NA,0,0,NA,77.6975,323.7875,4.1,2.4825,1,NA,14.2075,16.43,112.055,0.5425,59,220,16,8.5,9.9,NA,NA,NA,NA,NA,"2026-09-27 11:20 UTC"
"17475","Seth McGowan","IND","RB",0,0,0,NA,0,0,NA,37.295,157.7725,4.5,1.37,0,NA,6.2775,6.11,45.7875,0.0375,70,264,14,1.5,7.7,NA,NA,NA,NA,NA,"2026-09-27 11:20 UTC"
"17476","Nicholas Singleton","TEN","RB",0,0,0,NA,0,0,NA,30.205,123.3675,4,0.7525,0,NA,1.33333333333333,1,9.33333333333333,0,79,300,31,1.1,8.5,NA,NA,NA,NA,NA,"2026-09-27 11:20 UTC"
"17477","Jonah Coleman","DEN","RB",0,0,0,NA,0,0,NA,40.25,169.75,4.2,1.5,1,NA,9,10.6666666666667,67,0.25,110,414,10,13.5,8.2,NA,NA,NA,NA,NA,"2026-09-27 11:20 UTC"
"17478","Kaytron Allen","WAS","RB",0,0,0,NA,0,0,NA,34.0075,145.1525,4.8,0.975,0,NA,5.01,6.045,34.8133333333333,0.1,72,268,32,1,15,NA,NA,NA,NA,NA,"2026-09-27 11:20 UTC"
"17481","Demond Claiborne","MIN","RB",NA,NA,NA,NA,NA,NA,NA,23.3333333333333,99.3333333333333,4.5,0.666666666666667,0,NA,2.66666666666667,2.5,20,0,NA,NA,NA,1.4,10.5,NA,NA,NA,NA,NA,"2026-09-27 11:20 UTC"
"17482","Mike Washington Jr.","LV","RB",0,0,0,NA,0,0,NA,84.5275,338.6525,3.7,2.295,1,NA,9.14,13,68.03,0.2875,60,222,35,9.5,7.9,NA,NA,NA,NA,NA,"2026-09-27 11:20 UTC"
"17485","Kaelon Black","SF","RB",0,0,0,NA,0,0,NA,113.735,461.73,3.9,2.94,2,NA,9.465,13.2033333333333,72.4775,0.37,57,217,27,7.3,9.1,NA,NA,NA,NA,NA,"2026-09-27 11:20 UTC"
"17497","Carnell Tate","TEN","WR",0,0,0,NA,0,0,NA,0.333333333333333,2.33333333333333,7,0,1,NA,59.7325,94.2433333333333,779.115,3.82,55,136,31,47.4,12.9,NA,NA,NA,NA,NA,"2026-09-27 11:20 UTC"
"17498","Jordyn Tyson","NO","WR",0,0,0,NA,0,0,NA,0.666666666666667,2.33333333333333,3.5,0,1,NA,32.25,43,441.75,2.5,155,414,20,50.9,14.4,NA,NA,NA,NA,NA,"2026-09-27 11:20 UTC"
"17499","Makai Lemon","PHI","WR",0,0,0,NA,0,0,NA,2.75,11,1,0,1,NA,42.7825,61.11,529.745,3.3325,62,149,24,32,12.3,NA,NA,NA,NA,NA,"2026-09-27 11:20 UTC"
"17500","Denzel Boston","CLE","WR",0,0,0,NA,0,0,NA,0.666666666666667,2.33333333333333,3.5,0,2,NA,54.6525,94.9033333333333,715.93,3.8,46,120,8,55.3,14.8,NA,NA,NA,NA,NA,"2026-09-27 11:20 UTC"
"17501","KC Concepcion","CLE","WR",0,0,0,NA,0,0,NA,16.065,76.58,3.4,0.47,4,NA,59.1,92.8233333333333,707.1475,3.0675,31,92,8,46.6,11.7,NA,NA,NA,NA,NA,"2026-09-27 11:20 UTC"
"17502","Omar Cooper Jr.","NYJ","WR",0,0,0,NA,0,0,NA,0,0,NA,0,NA,NA,28.56,46.96,354.315,2.31,94,216,22,NA,NA,NA,NA,NA,NA,NA,"2026-09-27 11:20 UTC"
"17503","Germie Bernard","PIT","WR",0,0,0,NA,0,0,NA,2,9,4,0,1,NA,32.2425,48.5,390.7725,2.0275,91,210,25,35.2,12.3,NA,NA,NA,NA,NA,"2026-09-27 11:20 UTC"
"17505","Elijah Sarratt","BAL","WR",0,0,0,NA,0,0,NA,0,0,NA,0,NA,NA,0,0,0,0,155,414,3,NA,NA,NA,NA,NA,NA,NA,"2026-09-27 11:20 UTC"
"17506","Chris Bell","MIA","WR",0,0,0,NA,0,0,NA,0.666666666666667,2.66666666666667,4,0,1,NA,29.035,58.6066666666667,405.2175,1.7275,84,196,17,31.5,13.1,NA,NA,NA,NA,NA,"2026-09-27 11:20 UTC"
"17507","Zachariah Branch","ATL","WR",0,0,0,NA,0,0,NA,0,0,NA,0,NA,NA,16.9733333333333,27.82,208.713333333333,1.15666666666667,97,227,2,NA,NA,NA,NA,NA,NA,NA,"2026-09-27 11:20 UTC"
"17508","Skyler Bell","BUF","WR",0,0,0,NA,0,0,NA,0,0,NA,0,NA,NA,15.73,25.85,189.46,1.16,110,258,4,NA,NA,NA,NA,NA,NA,NA,"2026-09-27 11:20 UTC"
"17509","Chris Brazzell","CAR","WR",0,0,0,NA,0,0,NA,0,0,NA,0,NA,NA,0,0,0,0,155,414,5,NA,NA,NA,NA,NA,NA,NA,"2026-09-27 11:20 UTC"
"17511","Malachi Fields","NYG","WR",0,0,0,NA,0,0,NA,0.666666666666667,3.33333333333333,5,0,1,NA,36.92,68.65,484.83,2.7,67,158,21,26.6,13.3,NA,NA,NA,NA,NA,"2026-09-27 11:20 UTC"
"17512","Antonio Williams","WAS","WR",0,0,0,NA,0,0,NA,0.666666666666667,3.66666666666667,5.5,0,1,NA,34.575,59.2033333333333,462.7825,2.9975,78,174,32,41.9,14.3,NA,NA,NA,NA,NA,"2026-09-27 11:20 UTC"
"17514","De'Zhaun Stribling","SF","WR",0,0,0,NA,0,0,NA,0,0,NA,0,NA,NA,28,0,338.5,2,155,414,27,NA,NA,NA,NA,NA,NA,NA,"2026-09-27 11:20 UTC"
"17517","Ja'Kobi Lane","BAL","WR",0,0,0,NA,0,0,NA,0.666666666666667,3.66666666666667,5.5,0,1,NA,19,23.5,261.333333333333,2,155,414,3,34.2,15.2,NA,NA,NA,NA,NA,"2026-09-27 11:20 UTC"
"17518","Cyrus Allen","KCC","WR",0,0,0,NA,0,0,NA,0,0,NA,0,NA,NA,14.4033333333333,15.385,177.033333333333,1.33666666666667,117,282,16,NA,NA,NA,NA,NA,NA,NA,"2026-09-27 11:20 UTC"
"17519","Bryce Lance","NO","WR",0,0,0,NA,0,0,NA,1,3.5,3.5,0,1,NA,32.63,52.1133333333333,426.923333333333,2.26333333333333,77,173,20,42.2,13.5,NA,NA,NA,NA,NA,"2026-09-27 11:20 UTC"
"17520","Ted Hurst III","TB","WR",0,0,0,NA,0,0,NA,0,0,NA,0,NA,NA,21.2533333333333,41.38,257.506666666667,1.84,106,247,30,NA,NA,NA,NA,NA,NA,NA,"2026-09-27 11:20 UTC"
"17521","Zavion Thomas","CHI","WR",0,0,0,NA,0,0,NA,0,0,NA,0,NA,NA,15.08,26.72,176.18,1.12,112,264,6,NA,NA,NA,NA,NA,NA,NA,"2026-09-27 11:20 UTC"
"17528","Kevin Coleman Jr.","MIA","WR",0,0,0,NA,0,0,NA,0,0,NA,0,NA,NA,21.085,36.28,300.49,1.02,105,244,17,NA,NA,NA,NA,NA,NA,NA,"2026-09-27 11:20 UTC"
"17529","Brenen Thompson","LAC","WR",0,0,0,NA,0,0,NA,0,0,NA,0,NA,NA,5,9,65,0.5,155,414,34,NA,NA,NA,NA,NA,NA,NA,"2026-09-27 11:20 UTC"
"17541","Barion Brown","NO","WR",NA,NA,NA,NA,NA,NA,NA,4,20,NA,0,NA,NA,3,4,34,0,NA,NA,NA,NA,NA,NA,NA,NA,NA,NA,"2026-09-27 11:20 UTC"
"17542","Colbie Young","CIN","WR",0,0,0,NA,0,0,NA,0,0,NA,0,NA,NA,5,8,59,0.5,155,414,7,NA,NA,NA,NA,NA,NA,NA,"2026-09-27 11:20 UTC"
"17543","Kenyon Sadiq","NYJ","TE",0,0,0,NA,0,0,NA,1,2.5,NA,0,1,NA,45.6175,62.53,478.56,3.175,22,172,22,32.2,11.5,NA,NA,NA,NA,NA,"2026-09-27 11:20 UTC"
"17544","Eli Stowers","PHI","TE",0,0,0,NA,0,0,NA,0,0,NA,0,NA,NA,0,0,0,0,96,414,24,NA,NA,NA,NA,NA,NA,NA,"2026-09-27 11:20 UTC"
"17545","Jack Endries","CIN","TE",NA,NA,NA,NA,NA,NA,NA,NA,NA,NA,NA,0,NA,11,14,108,1,NA,NA,NA,7.2,9.8,NA,NA,NA,NA,NA,"2026-09-27 11:20 UTC"
"17547","Max Klare","LAR","TE",0,0,0,NA,0,0,NA,0,0,NA,0,0,NA,5,6.5,55,0.5,96,414,33,7.3,11,NA,NA,NA,NA,NA,"2026-09-27 11:20 UTC"
"17548","Justin Joly","MIA","TE",NA,NA,NA,NA,NA,NA,NA,NA,NA,NA,NA,0,NA,8,10,75,1,NA,NA,NA,5,9.4,NA,NA,NA,NA,NA,"2026-09-27 11:20 UTC"
"17549","Sam Roush","CHI","TE",0,0,0,NA,0,0,NA,0,0,NA,0,0,NA,9.7,14.015,96.65,0.895,73,319,6,6.5,10.8,NA,NA,NA,NA,NA,"2026-09-27 11:20 UTC"
"17567","Oscar Delp","NO","TE",0,0,0,NA,0,0,NA,0,0,NA,0,0,NA,14.405,20.28,143.645,1.125,48,259,20,7.5,10.3,NA,NA,NA,NA,NA,"2026-09-27 11:20 UTC"
"17591","Nate Boerkircher","JAC","TE",NA,NA,NA,NA,NA,NA,NA,NA,NA,NA,NA,1,NA,18,26,206,2,NA,NA,NA,13.7,11.4,NA,NA,NA,NA,NA,"2026-09-27 11:20 UTC"
"17593","Marlin Klein","HOU","TE",0,0,0,NA,0,0,NA,0,0,NA,0,1,NA,18.055,25.69,182.9,1.145,86,363,13,21.3,10.3,NA,NA,NA,NA,NA,"2026-09-27 11:20 UTC"
"17599","Caleb Douglas","MIA","WR",0,0,0,NA,0,0,NA,0.333333333333333,2.33333333333333,7,0,1,NA,44.72,75.2466666666667,613.27,2.2375,51,129,17,38.9,12.7,NA,NA,NA,NA,NA,"2026-09-27 11:20 UTC"
"17605","Will Kacmarek","MIA","TE",0,0,0,NA,0,0,NA,0,0,NA,0,0,NA,14.9433333333333,22.0833333333333,151.87,0.953333333333333,54,272,17,10.5,9.3,NA,NA,NA,NA,NA,"2026-09-27 11:20 UTC"
"17607","Eli Raridon","NE","TE",0,0,0,NA,0,0,NA,0,0,NA,0,1,NA,19.2166666666667,26.43,206.4,2.01666666666667,56,275,19,19.4,11.6,NA,NA,NA,NA,NA,"2026-09-27 11:20 UTC"
"17620","Kaden Wetjen","PIT","WR",0,0,0,NA,0,0,NA,0,0,NA,0,NA,NA,8.59,14.44,101.56,0.53,133,325,25,NA,NA,NA,NA,NA,NA,NA,"2026-09-27 11:20 UTC"
"17627","Matthew Hibner","BAL","TE",0,0,0,NA,0,0,NA,0,0,NA,0,0,NA,14.555,21.135,162.285,1.565,59,288,3,12.5,11.8,NA,NA,NA,NA,NA,"2026-09-27 11:20 UTC"
"17644","Tanner Koziol","JAC","TE",NA,NA,NA,NA,NA,NA,NA,NA,NA,NA,NA,0,NA,9,12,101,1,NA,NA,NA,6.7,11.2,NA,NA,NA,NA,NA,"2026-09-27 11:20 UTC"
"17648","Riley Nowakowski","PIT","RB",0,0,0,NA,0,0,NA,0,0,NA,0,NA,NA,0.78,5,2.02,0.15,95,413,25,NA,NA,NA,NA,NA,NA,NA,"2026-09-27 11:20 UTC"
"17651","Josh Cuevas","BAL","TE",0,0,0,NA,0,0,NA,0,0,NA,0,0,NA,4,5,45.5,0.5,96,414,3,6.1,11.4,NA,NA,NA,NA,NA,"2026-09-27 11:20 UTC"
"17652","Adam Randall","BAL","RB",NA,NA,NA,NA,NA,NA,NA,62,334,5.4,3,1,NA,12,16,137,1,NA,NA,NA,10.5,11.4,NA,NA,NA,NA,NA,"2026-09-27 11:20 UTC"
"17655","Seydou Traore","MIA","TE",NA,NA,NA,NA,NA,NA,NA,NA,NA,NA,NA,0,NA,8,10,75,1,NA,NA,NA,5,9.4,NA,NA,NA,NA,NA,"2026-09-27 11:20 UTC"
"17660","Bauer Sharp","TB","TE",NA,NA,NA,NA,NA,NA,NA,NA,NA,NA,NA,0,NA,9,12,94,1,NA,NA,NA,6.3,10.4,NA,NA,NA,NA,NA,"2026-09-27 11:20 UTC"
"17685","Eli Heidenreich","PIT","RB",NA,NA,NA,NA,NA,NA,NA,19,75.5,4,0.5,0,NA,2.5,3,21,0,NA,NA,NA,1.9,9.7,NA,NA,NA,NA,NA,"2026-09-27 11:20 UTC"
"17699","Dallen Bentley","DEN","TE",NA,NA,NA,NA,NA,NA,NA,NA,NA,NA,NA,0,NA,10,13,92,1,NA,NA,NA,6.1,9.2,NA,NA,NA,NA,NA,"2026-09-27 11:20 UTC"
"17706","Malik Benson","LV","WR",0,0,0,NA,0,0,NA,0.666666666666667,3.33333333333333,NA,0,NA,NA,10.9966666666667,14.505,136.29,0.823333333333333,137,341,35,NA,NA,NA,NA,NA,NA,NA,"2026-09-27 11:20 UTC"
"17752","Dohnte Meyers","CIN","WR",NA,NA,NA,NA,NA,NA,NA,6,32,NA,0,NA,NA,9,14,107,1,NA,NA,NA,NA,NA,NA,NA,NA,NA,NA,"2026-09-27 11:20 UTC"
"17784","DJ Herman","MIA","RB",NA,NA,NA,NA,NA,NA,NA,0,0,0,0,0,NA,21,34,284,0,NA,NA,NA,18.9,13.5,NA,NA,NA,NA,NA,"2026-09-27 11:20 UTC"
"7836","Aaron Rodgers","PIT","QB",496.2175,319,3263.725,181.3,19.795,8.105,87.9,21.755,75.51,2.8,0.6425,3,NA,0,0,0,0,30,45,25,NA,NA,NA,NA,NA,NA,NA,"2026-09-27 11:20 UTC"
"9064","Joe Flacco","CIN","QB",16.325,10.825,110.645,10.2,0.725,0.15,103,1.5,7,4.7,0,1,NA,0,0,0,0,37,387,7,NA,NA,NA,NA,NA,NA,NA,"2026-09-27 11:20 UTC"
"9431","Matthew Stafford","LAR","QB",513.7675,333.3425,3924.2675,234.9,30.365,9.295,100.9,18.3575,27.96,1.3,0.3075,2,NA,0,0,0,0,12,14,33,NA,NA,NA,NA,NA,NA,NA,"2026-09-27 11:20 UTC"
NA,"Irvin Charles","NYJ","WR",0,0,0,NA,0,0,NA,0,0,NA,0,0,NA,1.8,2.4,17.8,0.2,155,414,17.75,5.9,9.9,NA,NA,NA,NA,NA,"2026-09-27 11:20 UTC"
