player,team,pos,points,value,value_raw,tier,par
Jahmyr Gibbs,DET,RB,360.2,87,87.181517670507,1,192.7
Bijan Robinson,ATL,RB,337.3,77,76.93991541490446,2,169.8
Jonathan Taylor,IND,RB,307.1,63,63.4335229206164,3,139.60000000000002
Derrick Henry,BAL,RB,303.1,62,61.64459676243255,3,135.60000000000002
Josh Allen,BUF,QB,359.9,58,58.33508336979241,1,128.2
De'Von Achane,MIA,RB,290.8,56,56.143648826017206,3,123.30000000000001
Jaxon Smith-Njigba,SEA,WR,268.8,56,55.696417286471245,1,122.30000000000001
Puka Nacua,LAR,WR,266,54,54.44416897574254,1,119.5
Christian McCaffrey,SF,RB,284.6,53,53.37081328083224,3,117.10000000000002
James Cook III,BUF,RB,277,50,49.97185358028291,3,109.5
Kenneth Walker III,KC,RB,263.1,44,43.75533518059404,4,95.60000000000002
Amon-Ra St. Brown,DET,WR,237.6,42,41.7427932526372,2,91.1
Ja'Marr Chase,CIN,WR,237.3,42,41.60862379077342,2,90.80000000000001
Lamar Jackson,BAL,QB,318.8,40,39.95386709445336,2,87.10000000000002
CeeDee Lamb,DAL,WR,233.3,40,39.819697632589566,2,86.80000000000001
Jayden Daniels,WAS,QB,314.4,38,37.986048320451104,2,82.69999999999999
Saquon Barkley,PHI,RB,246.6,36,36.37601477808565,5,79.1
Chase Brown,CIN,RB,246.6,36,36.37601477808565,5,79.1
Joe Burrow,CIN,QB,310.2,36,36.10767585435807,2,78.5
Drake Maye,NE,QB,308.4,35,35.30265908317533,2,76.69999999999999
Jalen Hurts,PHI,QB,306.1,34,34.27402654221964,2,74.40000000000003
Brock Purdy,SF,QB,305.8,34,34.13985708035584,2,74.10000000000002
Dak Prescott,DAL,QB,302.1,32,32.48510038403579,2,70.40000000000003
Kyren Williams,LAR,RB,233.6,31,30.56200476398813,6,66.1
Javonte Williams,DAL,RB,232.7,30,30.159496378396764,6,65.19999999999999
Patrick Mahomes,KC,QB,296.7,30,30.070050070487575,2,65
Trevor Lawrence,JAC,QB,296.6,30,30.025326916532993,2,64.90000000000003
Drake London,ATL,WR,210.5,30,29.62281853094161,3,64
Chris Olave,NO,WR,207.6,28,28.325847066258316,3,61.099999999999994
Ashton Jeanty,LV,RB,225.5,27,26.939429293665835,6,58
Trey McBride,ARI,TE,183.3,27,26.894706139711243,1,57.900000000000006
Brock Bowers,LV,TE,182.1,26,26.35802829225608,1,56.69999999999999
Zay Flowers,BAL,WR,201.7,26,25.687180982937136,3,55.19999999999999
Justin Jefferson,MIN,WR,200.1,25,24.971610519663596,3,53.599999999999994
Rashee Rice,KC,WR,194.7,23,22.5565602061154,3,48.19999999999999
Breece Hall,NYJ,RB,213.1,21,21.393758203295896,6,45.599999999999994
Bhayshul Tuten,JAC,RB,210.5,20,20.230956200476395,6,43
Matthew Stafford,LAR,QB,271.8,19,18.933984735793114,3,40.10000000000002
Nico Collins,HOU,WR,186.6,19,18.9339847357931,4,40.099999999999994
Tyler Shough,NO,QB,271.3,19,18.710368966020134,3,39.60000000000002
Bucky Irving,TB,RB,205.4,18,17.95007534879199,6,37.900000000000006
Caleb Williams,CHI,QB,269.3,18,17.815905886928206,3,37.60000000000002
Davante Adams,LAR,WR,183.1,17,17.368674347382232,4,36.599999999999994
Jared Goff,DET,QB,268,17,17.234504885518447,3,36.30000000000001
A.J. Brown,NE,WR,181.9,17,16.83199649992708,4,35.400000000000006
George Kittle,SF,TE,160.3,17,16.6083807301541,2,34.900000000000006
Cam Skattebo,NYG,RB,202.3,17,16.563657576199507,6,34.80000000000001
Jeremiyah Love,ARI,RB,202.1,16,16.474211268290308,6,34.599999999999994
Jaylen Warren,PIT,RB,201.7,16,16.29531865247192,6,34.19999999999999
Tee Higgins,CIN,WR,176.7,15,14.506392494288068,4,30.19999999999999
Tetairoa McMillan,CAR,WR,176.4,14,14.372223032424285,4,29.900000000000006
Christian Watson,GB,WR,176.2,14,14.282776724515086,4,29.69999999999999
Bo Nix,DEN,QB,259.1,13,13.254144183559394,4,27.400000000000034
D'Andre Swift,CHI,RB,190.9,11,11.46521802537553,6,23.400000000000006
Jordan Love,GB,QB,253.6,11,10.794370716056585,4,21.900000000000006
Parker Washington,JAC,WR,168,11,10.615478100238198,5,21.5
Kyler Murray,MIN,QB,252,10,10.078800252783047,4,20.30000000000001
Quinshon Judkins,CLE,RB,186.9,10,9.676291867191678,6,19.400000000000006
Sam LaPorta,DET,TE,144.8,10,9.676291867191678,3,19.400000000000006
Bryce Young,CAR,QB,250.4,9,9.363229789509509,4,18.700000000000017
Justin Herbert,LAC,QB,249.3,9,8.871275096008954,4,17.600000000000023
Omarion Hampton,LAC,RB,184.8,9,8.73710563414516,6,17.30000000000001
George Pickens,DAL,WR,162.3,8,8.066258324826215,5,15.800000000000011
Tyler Warren,IND,TE,140.9,8,7.932088862962422,3,15.5
Travis Kelce,KC,TE,140.1,8,7.574303631325646,3,14.699999999999989
Tucker Kraft,GB,TE,138.2,7,6.724563706188315,3,12.799999999999983
Sam Darnold,SEA,QB,244.1,7,6.5456710903699395,4,12.400000000000006
Dallas Goedert,PHI,TE,137.3,6,6.3220553205969585,3,11.900000000000006
Colston Loveland,CHI,TE,136.7,6,6.053716396869371,3,11.299999999999983
David Montgomery,HOU,RB,177.7,6,5.5617617033688145,6,10.199999999999989
Michael Wilson,ARI,WR,155.4,5,4.9803607019590705,5,8.900000000000006
Jalen Coker,CAR,WR,153.7,4,4.2200670847309265,5,7.199999999999989
Isaiah Likely,NYG,TE,131.2,4,3.593942929366576,3,5.799999999999983
Mike Evans,SF,WR,151.9,3,3.415050313548201,5,5.400000000000006
Terry McLaurin,WAS,WR,151.8,3,3.3703271595936077,5,5.300000000000011
DeVonta Smith,PHI,WR,151.4,3,3.1914345437752196,5,4.900000000000006
Garrett Wilson,NYJ,WR,149.5,2,2.341694618637888,5,3
Malik Willis,MIA,QB,232.6,1,1.402508385591369,5,0.9000000000000057
Tony Pollard,TEN,RB,168.4,1,1.402508385591369,6,0.9000000000000057
C.J. Stroud,HOU,QB,231.7,1,1,5,0
Jacoby Brissett,ARI,QB,228.2,1,1,5,0
Daniel Jones,IND,QB,227.4,1,1,5,0
Aaron Rodgers,PIT,QB,213.7,1,1,6,0
Geno Smith,NYJ,QB,208.5,1,1,6,0
Baker Mayfield,TB,QB,202.1,1,1,6,0
Deshaun Watson,CLE,QB,199.3,1,1,NA,0
Cam Ward,TEN,QB,196.4,1,1,NA,0
Michael Penix Jr.,ATL,QB,174.7,1,1,NA,0
Jaxson Dart,NYG,QB,167.7,1,1,NA,0
J.K. Dobbins,DEN,RB,167.5,1,1,6,0
Chuba Hubbard,CAR,RB,165.6,1,1,6,0
Rhamondre Stevenson,NE,RB,163.7,1,1,6,0
Kyle Monangai,CHI,RB,152.7,1,1,6,0
TreVeyon Henderson,NE,RB,150.1,1,1,6,0
Aaron Jones,MIN,RB,147.8,1,1,6,0
Malik Nabers,NYG,WR,146.5,1,1,5,0
Travis Etienne,NO,RB,141.2,1,1,NA,0
Jacory Croskey-Merritt,WAS,RB,140.6,1,1,NA,0
Matthew Golden,GB,WR,137.8,1,1,6,0
DJ Moore,BUF,WR,136.5,1,1,6,0
Jordan Mason,MIN,RB,136.3,1,1,NA,0
DK Metcalf,PIT,WR,133.7,1,1,6,0
Jameson Williams,DET,WR,132.4,1,1,6,0
Jaylen Waddle,DEN,WR,131.6,1,1,6,0
Carnell Tate,TEN,WR,129.8,1,1,NA,0
Luther Burden III,CHI,WR,129.5,1,1,NA,0
Zach Charbonnet,SEA,RB,125.7,1,1,NA,0
Harold Fannin Jr.,CLE,TE,125.4,1,1,3,0
Ladd McConkey,LAC,WR,124.9,1,1,NA,0
Deebo Samuel,SF,WR,124,1,1,NA,0
Jordan Addison,MIN,WR,122.8,1,1,NA,0
Emeka Egbuka,TB,WR,122.5,1,1,NA,0
Stefon Diggs,WAS,WR,120.7,1,1,NA,0
Romeo Doubs,NE,WR,119,1,1,NA,0
Dalton Kincaid,BUF,TE,117.8,1,1,3,0
Rome Odunze,CHI,WR,117.4,1,1,NA,0
Juwan Johnson,NO,TE,116.5,1,1,3,0
Jadarian Price,SEA,RB,116,1,1,NA,0
Denzel Boston,CLE,WR,115.3,1,1,NA,0
RJ Harvey,DEN,RB,115.2,1,1,NA,0
Alec Pierce,IND,WR,113.7,1,1,NA,0
Brenton Strange,JAC,TE,113.4,1,1,3,0
Fernando Mendoza,LV,QB,112.9,1,1,NA,0
Blake Corum,LAR,RB,112.8,1,1,NA,0
Mark Andrews,BAL,TE,112.6,1,1,3,0
Rico Dowdle,PIT,RB,112.2,1,1,NA,0
Malik Washington,MIA,WR,112,1,1,NA,0
Jakobi Meyers,JAC,WR,111.1,1,1,NA,0
Josh Downs,IND,WR,110.4,1,1,NA,0
MarShawn Lloyd,GB,RB,108.8,1,1,NA,0
Kirk Cousins,LV,QB,108.7,1,1,NA,0
Courtland Sutton,DEN,WR,108,1,1,NA,0
Tre Tucker,LV,WR,107.7,1,1,NA,0
Xavier Worthy,KC,WR,107.5,1,1,NA,0
Ollie Gordon II,MIA,RB,105.8,1,1,NA,0
Alvin Kamara,NO,RB,105.1,1,1,NA,0
Woody Marks,HOU,RB,104.7,1,1,NA,0
Rachaad White,WAS,RB,104.4,1,1,NA,0
Adonai Mitchell,NYJ,WR,104.2,1,1,NA,0
Kenneth Gainwell,TB,RB,103.8,1,1,NA,0
Khalil Shakir,BUF,WR,102.2,1,1,NA,0
Brian Thomas Jr.,JAC,WR,101.5,1,1,NA,0
Wan'Dale Robinson,TEN,WR,99.2,1,1,NA,0
Rashid Shaheed,SEA,WR,99,1,1,NA,0
Brian Robinson Jr.,ATL,RB,97.8,1,1,NA,0
Quentin Johnston,LAC,WR,97.8,1,1,NA,0
Devaughn Vele,NO,WR,97.7,1,1,NA,0
Kenyon Sadiq,NYJ,TE,96.2,1,1,4,0
Chris Godwin,TB,WR,95.9,1,1,NA,0
T.J. Hockenson,MIN,TE,95.5,1,1,NA,0
Jameis Winston,NYG,QB,94.1,1,1,NA,0
Josh Jacobs,GB,RB,93.6,1,1,NA,0
Keon Coleman,BUF,WR,93.6,1,1,NA,0
Chris Rodriguez Jr.,JAC,RB,91.9,1,1,NA,0
Tyjae Spears,TEN,RB,91.7,1,1,NA,0
Cade Otton,TB,TE,91.4,1,1,NA,0
Xavier Hutchinson,HOU,WR,91,1,1,NA,0
KC Concepcion,CLE,WR,91,1,1,NA,0
Hunter Henry,NE,TE,90.8,1,1,NA,0
Rashod Bateman,BAL,WR,88.7,1,1,NA,0
Tyler Allgeier,ARI,RB,88.2,1,1,NA,0
Kyle Pitts,ATL,TE,88,1,1,NA,0
Roman Wilson,PIT,WR,87.8,1,1,NA,0
Dalton Schultz,HOU,TE,87.6,1,1,NA,0
Cooper Kupp,SEA,WR,87.3,1,1,NA,0
Pat Freiermuth,PIT,TE,86.6,1,1,NA,0
AJ Barner,SEA,TE,86.6,1,1,NA,0
Marvin Harrison Jr.,ARI,WR,85.8,1,1,NA,0
Braelon Allen,NYJ,RB,85.7,1,1,NA,0
Ryan Flournoy,DAL,WR,85.7,1,1,NA,0
Kalif Raymond,CHI,WR,84.1,1,1,NA,0
Oronde Gadsden II,LAC,TE,83.4,1,1,NA,0
Dontayvion Wicks,PHI,WR,83.1,1,1,NA,0
Keaton Mitchell,LAC,RB,82,1,1,NA,0
Keenan Allen,IND,WR,80.6,1,1,NA,0
Michael Pittman,PIT,WR,80.5,1,1,NA,0
Jordyn Tyson,NO,WR,80.4,1,1,NA,0
Mike Gesicki,CIN,TE,79.9,1,1,NA,0
Caleb Douglas,MIA,WR,79.8,1,1,NA,0
Chris Bell,MIA,WR,78.4,1,1,NA,0
Jaylen Wright,MIA,RB,78,1,1,NA,0
Mike Washington Jr.,LV,RB,77.6,1,1,NA,0
Darren Waller,CAR,TE,77.4,1,1,NA,0
Jonathon Brooks,CAR,RB,77.2,1,1,NA,0
Malachi Fields,NYG,WR,77,1,1,NA,0
Ted Hurst,TB,WR,76.9,1,1,NA,0
Tre Harris,LAC,WR,76.5,1,1,NA,0
Isaac TeSlaa,DET,WR,76.3,1,1,NA,0
Terrance Ferguson,LAR,TE,75.9,1,1,NA,0
Mack Hollins,NE,WR,74.3,1,1,NA,0
Makai Lemon,PHI,WR,74.1,1,1,NA,0
Antonio Williams,WAS,WR,74,1,1,NA,0
Jake Ferguson,DAL,TE,73.1,1,1,NA,0
Jalen Nailor,LV,WR,72.9,1,1,NA,0
Ja'Kobi Lane,BAL,WR,71.9,1,1,NA,0
Demario Douglas,NE,WR,70.3,1,1,NA,0
Michael Mayer,LV,TE,68.3,1,1,NA,0
Samaje Perine,CIN,RB,67.9,1,1,NA,0
Kayshon Boutte,HOU,WR,67.4,1,1,NA,0
Omar Cooper Jr.,NYJ,WR,67.2,1,1,NA,0
Chigoziem Okonkwo,WAS,TE,66.3,1,1,NA,0
Najee Harris,NYG,RB,66.1,1,1,NA,0
Darnell Mooney,NYG,WR,65.9,1,1,NA,0
Justice Hill,BAL,RB,65.2,1,1,NA,0
Kevin Coleman Jr.,MIA,WR,65.1,1,1,NA,0
Ty Johnson,BUF,RB,64,1,1,NA,0
Greg Dulcich,MIA,TE,62.9,1,1,NA,0
Dohnte Meyers,CIN,WR,61.7,1,1,NA,0
Emmett Johnson,KC,RB,61.6,1,1,NA,0
Jerry Jeudy,CLE,WR,61.5,1,1,NA,0
Kaelon Black,SF,RB,61.4,1,1,NA,0
Elic Ayomanor,TEN,WR,60.8,1,1,NA,0
Kimani Vidal,LAC,RB,60.6,1,1,NA,0
Jahan Dotson,ATL,WR,60.4,1,1,NA,0
Jonah Coleman,DEN,RB,60.1,1,1,NA,0
Pat Bryant,DEN,WR,59.3,1,1,NA,0
Jaylin Noel,HOU,WR,58.5,1,1,NA,0
Calvin Ridley,TEN,WR,57.4,1,1,NA,0
Demarcus Robinson,SF,WR,57.3,1,1,NA,0
Dylan Sampson,CLE,RB,57.1,1,1,NA,0
Josh Cameron,JAC,WR,56.6,1,1,NA,0
Tua Tagovailoa,ATL,QB,56,1,1,NA,0
Darnell Washington,PIT,TE,55.9,1,1,NA,0
Tyler Higbee,LAR,TE,55,1,1,NA,0
Jack Bech,LV,WR,54.7,1,1,NA,0
Noah Fant,NO,TE,52.4,1,1,NA,0
Gunnar Helm,TEN,TE,52.4,1,1,NA,0
Colby Parkinson,LAR,TE,52.3,1,1,NA,0
Christopher Brooks,GB,RB,52.2,1,1,NA,0
Evan Engram,DEN,TE,51.7,1,1,NA,0
Isaiah Williams,NYJ,WR,50,1,1,NA,0
Tank Bigsby,PHI,RB,49.7,1,1,NA,0
Josh Palmer,BUF,WR,49,1,1,NA,0
Jordan Watkins,SF,WR,48.9,1,1,NA,0
Shedeur Sanders,CLE,QB,48.4,1,1,NA,0
Bryce Lance,NO,WR,47.1,1,1,NA,0
Will Shipley,PHI,RB,46.7,1,1,NA,0
Xavier Legette,CAR,WR,46.7,1,1,NA,0
Darius Cooper,PHI,WR,46.6,1,1,NA,0
Zach Ertz,PHI,TE,46.5,1,1,NA,0
Christian Kirk,SF,WR,46.5,1,1,NA,0
Matthew Hibner,BAL,TE,46.2,1,1,NA,0
J.J. McCarthy,NYG,QB,45.6,1,1,NA,0
Kaleb Johnson,GB,RB,45.5,1,1,NA,0
Devontez Walker,BAL,WR,45.4,1,1,NA,0
Theo Johnson,NYG,TE,45.3,1,1,NA,0
De'Zhaun Stribling,SF,WR,45.1,1,1,NA,0
Kendrick Bourne,ARI,WR,44.5,1,1,NA,0
Jalen Tolbert,MIA,WR,43.8,1,1,NA,0
Emanuel Wilson,SEA,RB,43,1,1,NA,0
Sione Vaki,DET,RB,42.9,1,1,NA,0
Mason Taylor,NYJ,TE,42.1,1,1,NA,0
Raheim Sanders,CLE,RB,41.2,1,1,NA,0
Jauan Jennings,MIN,WR,41.1,1,1,NA,0
Seth McGowan,IND,RB,40.6,1,1,NA,0
Tommy Tremble,CAR,TE,39.6,1,1,NA,0
Jonnu Smith,GB,TE,39.4,1,1,NA,0
Treylon Burks,WAS,WR,38.6,1,1,NA,0
Germie Bernard,PIT,WR,38.3,1,1,NA,0
Dawson Knox,BUF,TE,37.9,1,1,NA,0
Jalon Daniels,TB,QB,37.5,1,1,NA,0
David Njoku,LAC,TE,36.6,1,1,NA,0
George Holani,SEA,RB,36.5,1,1,NA,0
Foster Moreau,HOU,TE,36.4,1,1,NA,0
Kendre Miller,NO,RB,36,1,1,NA,0
Olamide Zaccheaus,ATL,WR,35.9,1,1,NA,0
Jalen Royals,KCC,WR,35.9,1,1,NA,0
Brycen Tremayne,CAR,WR,35.6,1,1,NA,0
Dyami Brown,WAS,WR,35.4,1,1,NA,0
Brock Wright,DET,TE,35,1,1,NA,0
John Metchie III,CAR,WR,34.9,1,1,NA,0
Austin Hooper,ATL,TE,34.5,1,1,NA,0
Daniel Bellinger,TEN,TE,34.4,1,1,NA,0
Mark Redman,GB,TE,34,1,1,NA,0
Cole Kmet,CHI,TE,33.6,1,1,NA,0
Malik Davis,DAL,RB,33.5,1,1,NA,0
Adam Trautman,DEN,TE,33.5,1,1,NA,0
Tez Johnson,TB,WR,33.2,1,1,NA,0
Isiah Pacheco,DET,RB,32.4,1,1,NA,0
Noah Gray,KC,TE,32.4,1,1,NA,0
Troy Franklin,DEN,WR,32,1,1,NA,0
Jaleel McLaughlin,CLE,RB,31.9,1,1,NA,0
Nate Boerkircher,JAC,TE,31.5,1,1,NA,0
Skyy Moore,GB,WR,31.3,1,1,NA,0
Austin Ekeler,WAS,RB,31.2,1,1,NA,0
Zachariah Branch,ATL,WR,30.7,1,1,NA,0
KaVontae Turpin,DAL,WR,30.4,1,1,NA,0
Jacob Saylors,DET,RB,30.2,1,1,NA,0
Charlie Kolar,LAC,TE,30.1,1,1,NA,0
Marvin Mims Jr.,DEN,WR,30.1,1,1,NA,0
Jordan Whittington,LAR,WR,30.1,1,1,NA,0
Sean Tucker,TB,RB,30,1,1,NA,0
Tyrone Tracy Jr.,NYG,RB,29.9,1,1,NA,0
Tyler Goodson,DAL,RB,29.1,1,1,NA,0
Chris Blair,ATL,WR,29,1,1,NA,0
Ray Davis,BUF,RB,28.9,1,1,NA,0
Kaytron Allen,WAS,RB,28.9,1,1,NA,0
Laquon Treadwell,IND,WR,28.9,1,1,NA,0
Tory Horton,SEA,WR,28.8,1,1,NA,0
Jimmy Horn Jr.,FA,WR,28.7,1,1,NA,0
Elijah Higgins,ARI,TE,28.6,1,1,NA,0
Brashard Smith,KCC,RB,28.4,1,1,NA,0
David Moore,CAR,WR,28.4,1,1,NA,0
Kyle Williams,NE,WR,28.1,1,1,NA,0
Myles Price,MIN,WR,28,1,1,NA,0
Zonovan Knight,ARI,RB,27.5,1,1,NA,0
Malachi Corley,CLE,WR,27.5,1,1,NA,0
Nate Adkins,DEN,TE,27,1,1,NA,0
Jordan James,SF,RB,26.2,1,1,NA,0
Brevin Jordan,HOU,TE,26.2,1,1,NA,0
Will Kacmarek,MIA,TE,26.2,1,1,NA,0
Jeremy Ruckert,NYJ,TE,26.1,1,1,NA,0
KeAndre Lambert-Smith,LAC,WR,26.1,1,1,NA,0
Colbie Young,CIN,WR,26.1,1,1,NA,0
Tyquan Thornton,KCC,WR,26,1,1,NA,0
Tyler Badie,DEN,RB,25.9,1,1,NA,0
Cyrus Allen,KCC,WR,25.7,1,1,NA,0
Mitchell Evans,CAR,TE,25.6,1,1,NA,0
Mo Alie-Cox,IND,TE,25.5,1,1,NA,0
Hunter Luepke,DAL,RB,25.4,1,1,NA,0
Erick All,CIN,TE,25.4,1,1,NA,0
Jacob Cowing,SF,WR,25.2,1,1,NA,0
Charlie Woerner,ATL,TE,25,1,1,NA,0
Tanner Hudson,CIN,TE,24.4,1,1,NA,0
Isaiah Davis,NYJ,RB,24,1,1,NA,0
Robert Henry Jr.,WAS,RB,24,1,1,NA,0
CJ Donaldson,NO,RB,23.8,1,1,NA,0
Luke Schoonmaker,DAL,TE,23.8,1,1,NA,0
Cade Stover,HOU,TE,23.7,1,1,NA,0
Eli Raridon,NE,TE,23.7,1,1,NA,0
Corey Kiner,NE,RB,23.6,1,1,NA,0
Luke Farrell,SF,TE,23.3,1,1,NA,0
J. Michael Sturdivant,GB,WR,23.1,1,1,NA,0
Drew Sample,CIN,TE,22.7,1,1,NA,0
Jalen McMillan,TB,WR,21.8,1,1,NA,0
Deion Burks,IND,WR,21.7,1,1,NA,0
Sam Roush,CHI,TE,21.4,1,1,NA,0
Robert Tonyan,PIT,TE,21.3,1,1,NA,0
Nicholas Singleton,TEN,RB,21.2,1,1,NA,0
Jonathan Mingo,DAL,WR,21.1,1,1,NA,0
Ameer Abdullah,JAC,RB,20.9,1,1,NA,0
Devin Singletary,NYG,RB,20.9,1,1,NA,0
Luke Musgrave,GB,TE,20.9,1,1,NA,0
DJ Herman,MIA,RB,20.8,1,1,NA,0
John Bates,WAS,TE,20.5,1,1,NA,0
Kevin Austin Jr.,NO,WR,20.3,1,1,NA,0
Brevyn Spann-Ford,DAL,TE,20.2,1,1,NA,0
Ben Sinnott,WAS,TE,20.1,1,1,NA,0
LeQuint Allen,JAC,RB,19.8,1,1,NA,0
Isaiah Bond,CLE,WR,19.7,1,1,NA,0
Tyler Huntley,BAL,QB,19.6,1,1,NA,0
Tahj Brooks,CIN,RB,19.6,1,1,NA,0
Roschon Johnson,CHI,RB,19.5,1,1,NA,0
Bo Melton,GB,WR,19.2,1,1,NA,0
Hayden Rucci,LAC,TE,18.8,1,1,NA,0
Demond Claiborne,MIN,RB,18.6,1,1,NA,0
Savion Williams,GB,WR,18.5,1,1,NA,0
Elijah Sarratt,BAL,WR,18.5,1,1,NA,0
Konata Mumpfield,LAR,WR,18.4,1,1,NA,0
Tyson Bagent,CHI,QB,18.2,1,1,NA,0
Elijah Arroyo,SEA,TE,18.2,1,1,NA,0
James Conner,ARI,RB,18.1,1,1,NA,0
Chimere Dike,TEN,WR,17.9,1,1,NA,0
AJ Dillon,CAR,RB,17.6,1,1,NA,0
LaJohntay Wester,BAL,WR,17.6,1,1,NA,0
Blake Whiteheart,CLE,TE,17.4,1,1,NA,0
Emari Demercado,DAL,RB,17.2,1,1,NA,0
Ashton Dulin,IND,WR,17.2,1,1,NA,0
Davis Allen,LAR,TE,16.7,1,1,NA,0
Quintin Morris,JAC,TE,16.6,1,1,NA,0
Oscar Delp,NO,TE,16.4,1,1,NA,0
Tai Felton,MIN,WR,16.4,1,1,NA,0
Travis Homer,PIT,RB,15.9,1,1,NA,0
Carson Beck,ARI,QB,15.8,1,1,NA,0
Josh Cuevas,BAL,TE,15.3,1,1,NA,0
Chris Manhertz,NYG,TE,15.2,1,1,NA,0
Dylan Laube,LV,RB,15,1,1,NA,0
Gavin Bartholomew,MIN,TE,14.9,1,1,NA,0
Adam Randall,BAL,RB,14.5,1,1,NA,0
Efton Chism III,NE,WR,14.4,1,1,NA,0
Ben Skowronek,PIT,WR,14.3,1,1,NA,0
DJ Giddens,IND,RB,14.1,1,1,NA,0
Josiah Deguara,NYG,TE,14.1,1,1,NA,0
Ty Simpson,LAR,QB,13.7,1,1,NA,0
Andrew Ogletree,IND,TE,13.7,1,1,NA,0
Isaac Guerendo,SF,RB,13.5,1,1,NA,0
Reggie Gilliam,NE,RB,13.3,1,1,NA,0
Luke McCaffrey,WAS,WR,13.3,1,1,NA,0
Payne Durham,TB,TE,13.2,1,1,NA,0
Jackson Hawes,BUF,TE,13,1,1,NA,0
Joe Milton III,DAL,QB,12.7,1,1,NA,0
Ian Thomas,LV,TE,12.1,1,1,NA,0
Tom Kennedy,DET,WR,12,1,1,NA,0
Alec Ingold,LAC,RB,11.8,1,1,NA,0
Jared Wiley,KC,TE,11.8,1,1,NA,0
Jalen Brooks,ARI,WR,11.8,1,1,NA,0
Eric Saubert,SEA,TE,11.6,1,1,NA,0
Ryan Miller,MIA,WR,11.6,1,1,NA,0
Malik Benson,LV,WR,11.4,1,1,NA,0
Jared Wayne,HOU,WR,10.7,1,1,NA,0
Brady Russell,SEA,RB,10.6,1,1,NA,0
Rasheen Ali,BAL,RB,10.6,1,1,NA,0
Max Klare,LAR,TE,10.6,1,1,NA,0
Eli Heidenreich,PIT,RB,10.5,1,1,NA,0
Dare Ogunbowale,HOU,RB,10.4,1,1,NA,0
Jack Endries,CIN,TE,10.4,1,1,NA,0
Justin Fields,KC,QB,10.2,1,1,NA,0
Will Mallory,IND,TE,10.2,1,1,NA,0
Marlin Klein,HOU,TE,10.2,1,1,NA,0
Grant Calcaterra,PHI,TE,9.8,1,1,NA,0
Kylen Granson,TEN,TE,9.7,1,1,NA,0
Xavier Smith,FA,WR,9.7,1,1,NA,0
Riley Leonard,IND,QB,9.6,1,1,NA,0
E.J. Jenkins,PHI,TE,9.6,1,1,NA,0
Tanner Koziol,JAC,TE,9.5,1,1,NA,0
DeeJay Dallas,MIN,RB,9.4,1,1,NA,0
Derius Davis,LAC,WR,9.3,1,1,NA,0
Johnny Mundt,PHI,TE,9,1,1,NA,0
Bauer Sharp,TB,TE,9,1,1,NA,0
Dallen Bentley,DEN,TE,9,1,1,NA,0
Davis Mills,HOU,QB,8.9,1,1,NA,0
Kenny Pickett,CAR,QB,8.8,1,1,NA,0
Josh Whyle,GB,TE,8.6,1,1,NA,0
Hollywood Brown,PHI,WR,8.5,1,1,NA,0
David Martin-Robinson,TEN,TE,8.4,1,1,NA,0
Carter Runyon,LV,TE,8.4,1,1,NA,0
Nick Kallerup,SEA,TE,8.4,1,1,NA,0
Mac Jones,SF,QB,8.2,1,1,NA,0
Brenen Thompson,LAC,WR,8.2,1,1,NA,0
Joe Flacco,CIN,QB,8,1,1,NA,0
Zavion Thomas,CHI,WR,8,1,1,NA,0
Anthony Richardson,IND,QB,7.7,1,1,NA,0
Cade Klubnik,NYJ,QB,7.7,1,1,NA,0
Tyrod Taylor,GB,QB,7.6,1,1,NA,0
Marcus Mariota,WAS,QB,7.6,1,1,NA,0
Quinn Ewers,JAC,QB,7.6,1,1,NA,0
Spencer Rattler,NO,QB,7.5,1,1,NA,0
Trevor Etienne,CAR,RB,7.5,1,1,NA,0
Kyle Allen,BUF,QB,7.4,1,1,NA,0
Gardner Minshew,ARI,QB,7.3,1,1,NA,0
Sam Howell,DAL,QB,7.3,1,1,NA,0
Mitch Trubisky,TEN,QB,7.2,1,1,NA,0
Jarrett Stidham,DEN,QB,7.2,1,1,NA,0
Mason Rudolph,PIT,QB,7.1,1,1,NA,0
Patrick Ricard,NYG,RB,6.9,1,1,NA,0
Nikko Remigio,KC,WR,6.9,1,1,NA,0
Ke'Shawn Williams,CIN,WR,6.8,1,1,NA,0
Jelani Woods,NYJ,TE,6.7,1,1,NA,0
Tutu Atwell,LAR,WR,6.6,1,1,NA,0
Dareke Young,LV,WR,6.5,1,1,NA,0
Carson Wentz,MIN,QB,6.4,1,1,NA,0
Brayden Willis,SF,TE,6.2,1,1,NA,0
Jahdae Walker,CHI,WR,6.2,1,1,NA,0
Drew Lock,SEA,QB,6.1,1,1,NA,0
Stetson Bennett,LAR,QB,6,1,1,NA,0
Joshua Dobbs,DET,QB,5.9,1,1,NA,0
Adam Prentice,DEN,RB,5.9,1,1,NA,0
Jackson Meeks,DET,WR,5.9,1,1,NA,0
Lil'Jordan Humphrey,DEN,WR,5.8,1,1,NA,0
Simi Fehoko,ARI,WR,5.8,1,1,NA,0
Velus Jones,SEA,RB,5.6,1,1,NA,0
Hunter Long,ARI,TE,5.6,1,1,NA,0
Will Howard,PIT,QB,5.5,1,1,NA,0
Julius Chestnut,TEN,RB,5.5,1,1,NA,0
Andy Dalton,PHI,QB,5.3,1,1,NA,0
Joe Royer,CLE,TE,5.3,1,1,NA,0
Thomas Fidone II,NYG,TE,5.1,1,1,NA,0
Tip Reiman,ARI,TE,5,1,1,NA,0
Trey Lance,LAC,QB,4.6,1,1,NA,0
Athan Kaliakmanis,WAS,QB,4.5,1,1,NA,0
Dont'e Thornton Jr.,LV,WR,4.5,1,1,NA,0
Barion Brown,NO,WR,4.4,1,1,NA,0
Ronnie Rivers,LA,RB,3.8,1,1,NA,0
Tommy DeVito,NE,QB,3.5,1,1,NA,0
Michael Burton,CLE,RB,3.2,1,1,NA,0
Jeremy McNichols,WSH,RB,3.2,1,1,NA,0
Amar Johnson,LAC,RB,3.2,1,1,NA,0
Kyle McCord,MIA,QB,3.1,1,1,NA,0
Luke Altmyer,DET,QB,3.1,1,1,NA,0
Jack Strand,ATL,QB,3.1,1,1,NA,0
David Sills V,TB,WR,3,1,1,NA,0
C.J. Ham,MIN,RB,2.8,1,1,NA,0
Cody White,LV,WR,2.4,1,1,NA,0
Kameron Johnson,TB,WR,1.8,1,1,NA,0
Xavier Restrepo,TEN,WR,1.6,1,1,NA,0
Malik Turner,SF,WR,1.5,1,1,NA,0
Colson Yankoff,WSH,TE,1.2,1,1,NA,0
Britain Covey,PHI,WR,1.2,1,1,NA,0
Elijah Moore,PHI,WR,0.9,1,1,NA,0
Matthew Caldwell,LA,QB,0.8,1,1,NA,0
Ko Kieft,TB,TE,0.8,1,1,NA,0
Stone Smartt,PHI,TE,0.8,1,1,NA,0
Case Keenum,CHI,QB,0.3,1,1,NA,0
Cooper Rush,ATL,QB,0,1,1,NA,0
Zach Wilson,NO,QB,0,1,1,NA,0
Sam Ehlinger,DEN,QB,0,1,1,NA,0
Skylar Thompson,BAL,QB,0,1,1,NA,0
Tanner McKee,PHI,QB,0,1,1,NA,0
Aidan O'Connell,LV,QB,0,1,1,NA,0
Sam Hartman,WSH,QB,0,1,1,NA,0
Jalen Milroe,SEA,QB,0,1,1,NA,0
Brady Cook,MIA,QB,0,1,1,NA,0
Kurtis Rourke,SF,QB,0,1,1,NA,0
Graham Mertz,HOU,QB,0,1,1,NA,0
Drew Allar,PIT,QB,0,1,1,NA,0
Cole Payton,PHI,QB,0,1,1,NA,0
Taylen Green,CLE,QB,0,1,1,NA,0
Behren Morton,NE,QB,0,1,1,NA,0
Joe Fagnano,BAL,QB,0,1,1,NA,0
Andrew Beck,NYJ,RB,0,1,1,NA,0
Jakob Johnson,HOU,RB,0,1,1,NA,0
Kene Nwangwu,NYJ,RB,0,1,1,NA,0
Hassan Haskins,NE,RB,0,1,1,NA,0
Ty Chandler,NO,RB,0,1,1,NA,0
Brittain Brown,CHI,RB,0,1,1,NA,0
Israel Abanikanda,DAL,RB,0,1,1,NA,0
Trey Benson,ARI,RB,0,1,1,NA,0
Audric Estime,NO,RB,0,1,1,NA,0
Kendall Milton,CIN,RB,0,1,1,NA,0
British Brooks,HOU,RB,0,1,1,NA,0
Terrell Jennings,NE,RB,0,1,1,NA,0
Robbie Ouzts,SEA,RB,0,1,1,NA,0
Roman Hemby,LV,RB,0,1,1,NA,0
J'Mari Taylor,JAC,RB,0,1,1,NA,0
Chip Trayanum,NYJ,RB,0,1,1,NA,0
Noah Whittington,HOU,RB,0,1,1,NA,0
Dean Connors,LA,RB,0,1,1,NA,0
Cash Jones,ATL,RB,0,1,1,NA,0
Max Bredeson,MIN,RB,0,1,1,NA,0
Riley Nowakowski,PIT,RB,0,1,1,NA,0
Davon Booth,IND,RB,0,1,1,NA,0
Myles Montgomery,NE,RB,0,1,1,NA,0
Tyler Conklin,DET,TE,0,1,1,NA,0
Durham Smythe,BAL,TE,0,1,1,NA,0
Josh Oliver,MIN,TE,0,1,1,NA,0
Feleipe Franks,CAR,TE,0,1,1,NA,0
James Mitchell,CAR,TE,0,1,1,NA,0
John FitzPatrick,GB,TE,0,1,1,NA,0
Nick Muse,ATL,TE,0,1,1,NA,0
Jake Tonges,SF,TE,0,1,1,NA,0
Cameron Latu,NE,TE,0,1,1,NA,0
Julian Hill,NE,TE,0,1,1,NA,0
Ja'Tavion Sanders,CAR,TE,0,1,1,NA,0
Jack Westover,WSH,TE,0,1,1,NA,0
Cam Grandy,CIN,TE,0,1,1,NA,0
Caleb Lohner,DEN,TE,0,1,1,NA,0
Moliki Matavao,NO,TE,0,1,1,NA,0
Ben Yurosek,MIN,TE,0,1,1,NA,0
Keleki Latu,BUF,TE,0,1,1,NA,0
Eli Stowers,PHI,TE,0,1,1,NA,0
Justin Joly,MIA,TE,0,1,1,NA,0
Seydou Traore,MIA,TE,0,1,1,NA,0
Jaren Kanak,TEN,TE,0,1,1,NA,0
Carsen Ryan,CLE,TE,0,1,1,NA,0
Tanner Arkin,NE,TE,0,1,1,NA,0
Odell Beckham Jr.,NYG,WR,0,1,1,NA,0
Tim Patrick,NYJ,WR,0,1,1,NA,0
Gary Jennings Jr.,LAC,WR,0,1,1,NA,0
Darius Slayton,IND,WR,0,1,1,NA,0
Devin Duvernay,ARI,WR,0,1,1,NA,0
Tylan Wallace,CLE,WR,0,1,1,NA,0
Tay Martin,DET,WR,0,1,1,NA,0
Jayden Reed,GB,WR,0,1,1,NA,0
Trey Palmer,NO,WR,0,1,1,NA,0
Tank Dell,HOU,WR,0,1,1,NA,0
Andrei Iosivas,CIN,WR,0,1,1,NA,0
Jake Bobo,SEA,WR,0,1,1,NA,0
Malik Heath,GB,WR,0,1,1,NA,0
Tyrell Shavers,BUF,WR,0,1,1,NA,0
Jamari Thrash,CLE,WR,0,1,1,NA,0
Casey Washington,CAR,WR,0,1,1,NA,0
Tejhaun Palmer,NE,WR,0,1,1,NA,0
Cole Burgess,PIT,WR,0,1,1,NA,0
Mason Tipton,NO,WR,0,1,1,NA,0
Travis Hunter,JAC,WR,0,1,1,NA,0
Ricky White III,SEA,WR,0,1,1,NA,0
Arian Smith,NYJ,WR,0,1,1,NA,0
Jaylin Lane,WAS,WR,0,1,1,NA,0
Coleman Owen,IND,WR,0,1,1,NA,0
Jamaal Pritchett,NYJ,WR,0,1,1,NA,0
Jordan Moore,CIN,WR,0,1,1,NA,0
Brennan Presley,LA,WR,0,1,1,NA,0
Dalevon Campbell,LAC,WR,0,1,1,NA,0
Jeshaun Jones,MIN,WR,0,1,1,NA,0
CJ Daniels,LA,WR,0,1,1,NA,0
Skyler Bell,BUF,WR,0,1,1,NA,0
Chris Brazzell,CAR,WR,0,1,1,NA,0
Reggie Virgil,ARI,WR,0,1,1,NA,0
Lewis Bond,HOU,WR,0,1,1,NA,0
Dillon Bell,MIN,WR,0,1,1,NA,0
Kaden Wetjen,PIT,WR,0,1,1,NA,0
Kendrick Law,DET,WR,0,1,1,NA,0
CJ Williams,JAC,WR,0,1,1,NA,0
Brock Rechsteiner,NO,WR,0,1,1,NA,0
Camden Brown,DAL,WR,0,1,1,NA,0
Montorie Foster Jr.,SEA,WR,0,1,1,NA,0
Kolbe Katsis,DEN,WR,0,1,1,NA,0
