Player,tm,non,0.5,PPR
Jaxon Smith-Njigba,SEA,48,50,52
Ja'Marr Chase,CIN,43,44.5,46
CeeDee Lamb,DAL,40,42,44
Amon-Ra St. Brown,DET,38,40,42
Chris Olave,NO,35,37,39
Puka Nacua,LAR,35,37,39
Justin Jefferson,MIN,34,36,38
Zay Flowers,BAL,31,32.5,34
Nico Collins,HOU,30,31.5,33
Drake London,ATL,26,28,30
George Pickens,DAL,21,22,23
DeVonta Smith,PHI,20,21,22
Tetairoa McMillan,CAR,17,19,21
Parker Washington,JAC,17,19,21
Garrett Wilson,NYJ,16,18,20
Christian Watson,GB,17,18,19
Tee Higgins,CIN,17,18,19
A.J. Brown,NE,16,17.5,19
DJ Moore,BUF,14,15,16
Davante Adams,LAR,14,15,16
Malik Nabers,NYG,13,14.5,16
Mike Evans,SF,13,14.5,16
Michael Wilson,ARI,12,14,16
Jaylen Waddle,DEN,12,13.5,15
Rashee Rice,KC,12,13.5,15
Matthew Golden,GB,12,13,14
Ladd McConkey,LAC,11,12,13
Terry McLaurin,WAS,10,11,12
Jalen Coker,CAR,9,10,11
Emeka Egbuka,TB,9,10,11
Luther Burden III,CHI,8,9.5,11
Jameson Williams,DET,8,9,10
DK Metcalf,PIT,7,8,9
Deebo Samuel,SF,7,7.5,8
Rome Odunze,CHI,6,7,8
Carnell Tate,TEN,6,7,8
Devaughn Vele,NO,6,7,8
Josh Downs,IND,6,7,8
Stefon Diggs,WAS,6,7,8
Tyreek Hill,FA,6,7,8
Jordan Addison,MIN,6,7,8
Denzel Boston,CLE,6,6.5,7
Romeo Doubs,NE,5,5.5,6
Keenan Allen,IND,--,--,6
Kalif Raymond,CHI,--,--,5
